,,Max Altitude,Max Velocity,,Max Acceleration(G),,,,,,,,,,,,,
,,398.593,1.95,,3.10161,,,,,,,,,,,,,
Time----------,Event----------,Altitude----------,Velocity----------,Acceleration(ft/s)----------,Acceleration(G)----------,Latitude(DD)----------,Longitude(DD)----------,Latitude(DDM)----------,Longitude(DDM)----------,GyroX----------,GyroY----------,GyroZ----------,Pitch Rate----------,Roll Rate----------,Yaw Rate----------,MagX----------,MagY----------,MagZ----------
-00:00:01:008,,393.3,0,34.3158,1.06657,GPS ERROR,GPS ERROR,GPS ERROR,GPS ERROR,0,0.125,-0.25,0.125,0,-0.25,0,6.95E-308,1.45357e-311
-00:00:02:018,Apogee,392.464,-0.835639,34.1515,1.06146,GPS ERROR,GPS ERROR,GPS ERROR,GPS ERROR,2.6875,1.9375,-1.8125,1.9375,2.6875,-1.8125,0,6.95E-308,1.45357e-311
-00:00:03:031,,393.579,1.11419,33.2476,1.03337,GPS ERROR,GPS ERROR,GPS ERROR,GPS ERROR,-1.1875,0.375,-0.5,0.375,-1.1875,-0.5,0,6.95E-308,1.45357e-311
-00:00:04:043,Apogee,393.021,-0.5571,33.861,1.05243,GPS ERROR,GPS ERROR,GPS ERROR,GPS ERROR,-0.5625,1.0625,-0.125,1.0625,-0.5625,-0.125,0,6.95E-308,1.45357e-311
-00:00:05:057,,393.579,0.5571,33.8449,1.05193,GPS ERROR,GPS ERROR,GPS ERROR,GPS ERROR,-0.5625,0.9375,-0.1875,0.9375,-0.5625,-0.1875,0,6.95E-308,1.45357e-311
-00:00:06:080,,393.857,0.278553,33.8779,1.05296,GPS ERROR,GPS ERROR,GPS ERROR,GPS ERROR,-0.375,0.8125,-0.0625,0.8125,-0.375,-0.0625,0,6.95E-308,1.45357e-311
-00:00:07:084,Apogee,393.021,-0.835653,33.9907,1.05646,GPS ERROR,GPS ERROR,GPS ERROR,GPS ERROR,-0.4375,0.875,-0.25,0.875,-0.4375,-0.25,0,6.95E-308,1.45357e-311
-00:00:08:089,,393.579,0.5571,33.7646,1.04944,GPS ERROR,GPS ERROR,GPS ERROR,GPS ERROR,-0.5625,1.1875,-0.125,1.1875,-0.5625,-0.125,0,6.95E-308,1.45357e-311
-00:00:09:091,,393.579,0,33.8777,1.05295,GPS ERROR,GPS ERROR,GPS ERROR,GPS ERROR,-0.3125,0.8125,-0.0625,0.8125,-0.3125,-0.0625,0,6.95E-308,1.45357e-311
-00:00:10:092,,392.743,-0.835646,34.0722,1.059,GPS ERROR,GPS ERROR,GPS ERROR,GPS ERROR,-0.5625,1,0,1,-0.5625,0,0,6.95E-308,1.45357e-311
-00:00:11:094,,393.579,0.835646,33.8772,1.05294,GPS ERROR,GPS ERROR,GPS ERROR,GPS ERROR,-0.4375,1,-0.125,1,-0.4375,-0.125,0,6.95E-308,1.45357e-311
-00:00:12:095,,393.857,0.278553,34.1209,1.06051,GPS ERROR,GPS ERROR,GPS ERROR,GPS ERROR,-0.375,0.9375,-0.25,0.9375,-0.375,-0.25,0,6.95E-308,1.45357e-311
-00:00:13:097,,393.579,-0.278553,33.7636,1.04941,GPS ERROR,GPS ERROR,GPS ERROR,GPS ERROR,-0.625,1.0625,-0.125,1.0625,-0.625,-0.125,0,6.95E-308,1.45357e-311
-00:00:14:098,,393.3,-0.278551,33.8614,1.05245,GPS ERROR,GPS ERROR,GPS ERROR,GPS ERROR,-0.4375,1,0,1,-0.4375,0,0,6.95E-308,1.45357e-311
-00:00:15:099,,393.021,-0.278549,34.2016,1.06302,GPS ERROR,GPS ERROR,GPS ERROR,GPS ERROR,-0.375,1.0625,-0.125,1.0625,-0.375,-0.125,0,6.95E-308,1.45357e-311
-00:00:16:101,,393.3,0.278549,33.7497,1.04897,GPS ERROR,GPS ERROR,GPS ERROR,GPS ERROR,-0.5,1.0625,-0.125,1.0625,-0.5,-0.125,0,6.95E-308,1.45357e-311
-00:00:17:114,,393.857,0.557104,34.1047,1.06001,GPS ERROR,GPS ERROR,GPS ERROR,GPS ERROR,-0.5,0.875,-0.125,0.875,-0.5,-0.125,0,6.95E-308,1.45357e-311
-00:00:18:127,,393.579,-0.278553,33.8937,1.05345,GPS ERROR,GPS ERROR,GPS ERROR,GPS ERROR,-0.5,0.6875,-0.0625,0.6875,-0.5,-0.0625,0,6.95E-308,1.45357e-311
-00:00:19:144,,392.743,-0.835646,33.861,1.05243,GPS ERROR,GPS ERROR,GPS ERROR,GPS ERROR,-0.4375,0.875,-0.1875,0.875,-0.4375,-0.1875,0,6.95E-308,1.45357e-311
-00:00:20:193,,394.136,1.39275,33.7486,1.04894,GPS ERROR,GPS ERROR,GPS ERROR,GPS ERROR,-0.5,0.75,-0.125,0.75,-0.5,-0.125,0,6.95E-308,1.45357e-311
-00:00:21:200,Apogee,393.579,-0.557109,33.8616,1.05245,GPS ERROR,GPS ERROR,GPS ERROR,GPS ERROR,-0.5625,1.0625,-0.125,1.0625,-0.5625,-0.125,0,6.95E-308,1.45357e-311
-00:00:22:229,,393.857,0.278553,33.9908,1.05647,GPS ERROR,GPS ERROR,GPS ERROR,GPS ERROR,-0.5625,1,-0.125,1,-0.5625,-0.125,0,6.95E-308,1.45357e-311
-00:00:23:259,,393.579,-0.278553,33.926,1.05446,GPS ERROR,GPS ERROR,GPS ERROR,GPS ERROR,-0.5625,1.0625,-0.25,1.0625,-0.5625,-0.25,0,6.95E-308,1.45357e-311
-00:00:24:289,,393.857,0.278553,33.5858,1.04388,GPS ERROR,GPS ERROR,GPS ERROR,GPS ERROR,-0.4375,0.9375,-0.0625,0.9375,-0.4375,-0.0625,0,6.95E-308,1.45357e-311
-00:00:25:318,,393.579,-0.278553,33.7968,1.05044,GPS ERROR,GPS ERROR,GPS ERROR,GPS ERROR,-0.5625,0.9375,0,0.9375,-0.5625,0,0,6.95E-308,1.45357e-311
-00:00:26:332,,393.3,-0.278551,33.7965,1.05043,GPS ERROR,GPS ERROR,GPS ERROR,GPS ERROR,-0.5,0.6875,-0.1875,0.6875,-0.5,-0.1875,0,6.95E-308,1.45357e-311
-00:00:27:345,,393.579,0.278551,33.781,1.04995,GPS ERROR,GPS ERROR,GPS ERROR,GPS ERROR,-0.5,0.9375,-0.125,0.9375,-0.5,-0.125,0,6.95E-308,1.45357e-311
-00:00:28:360,,393.579,0,34.0563,1.0585,GPS ERROR,GPS ERROR,GPS ERROR,GPS ERROR,-0.5,0.9375,0,0.9375,-0.5,0,0,6.95E-308,1.45357e-311
-00:00:29:370,,392.743,-0.835646,33.7969,1.05044,GPS ERROR,GPS ERROR,GPS ERROR,GPS ERROR,-0.5625,0.9375,-0.125,0.9375,-0.5625,-0.125,0,6.95E-308,1.45357e-311
-00:00:30:384,,393.021,0.278546,34.0393,1.05798,GPS ERROR,GPS ERROR,GPS ERROR,GPS ERROR,-0.5,1.125,-0.0625,1.125,-0.5,-0.0625,0,6.95E-308,1.45357e-311
-00:00:31:397,,392.743,-0.278546,34.023,1.05747,GPS ERROR,GPS ERROR,GPS ERROR,GPS ERROR,-0.625,1,-0.1875,1,-0.625,-0.1875,0,6.95E-308,1.45357e-311
-00:00:32:410,,392.743,0,33.7319,1.04842,GPS ERROR,GPS ERROR,GPS ERROR,GPS ERROR,-0.5625,1,-0.25,1,-0.5625,-0.25,0,6.95E-308,1.45357e-311
-00:00:33:423,,393.021,0.278546,33.7478,1.04891,GPS ERROR,GPS ERROR,GPS ERROR,GPS ERROR,-0.4375,0.9375,-0.1875,0.9375,-0.4375,-0.1875,0,6.95E-308,1.45357e-311
-00:00:34:436,,393.021,0,33.942,1.05495,GPS ERROR,GPS ERROR,GPS ERROR,GPS ERROR,-0.5,1,-0.1875,1,-0.5,-0.1875,0,6.95E-308,1.45357e-311
-00:00:35:449,,393.3,0.278549,33.942,1.05495,GPS ERROR,GPS ERROR,GPS ERROR,GPS ERROR,-0.5,0.75,-0.1875,0.75,-0.5,-0.1875,0,6.95E-308,1.45357e-311
-00:00:36:462,,393.3,0,33.7646,1.04944,GPS ERROR,GPS ERROR,GPS ERROR,GPS ERROR,-0.4375,0.8125,-0.0625,0.8125,-0.4375,-0.0625,0,6.95E-308,1.45357e-311
-00:00:37:477,,393.3,0,33.7638,1.04941,GPS ERROR,GPS ERROR,GPS ERROR,GPS ERROR,-0.5,0.875,-0.0625,0.875,-0.5,-0.0625,0,6.95E-308,1.45357e-311
-00:00:38:489,,393.579,0.278551,34.0235,1.05748,GPS ERROR,GPS ERROR,GPS ERROR,GPS ERROR,-0.5,0.875,-0.1875,0.875,-0.5,-0.1875,0,6.95E-308,1.45357e-311
-00:00:39:501,,393.857,0.278553,33.8611,1.05244,GPS ERROR,GPS ERROR,GPS ERROR,GPS ERROR,-0.5,0.8125,-0.0625,0.8125,-0.5,-0.0625,0,6.95E-308,1.45357e-311
-00:00:40:514,,393.3,-0.557104,33.8609,1.05243,GPS ERROR,GPS ERROR,GPS ERROR,GPS ERROR,-0.625,1.125,-0.125,1.125,-0.625,-0.125,0,6.95E-308,1.45357e-311
-00:00:41:527,,393.579,0.278551,33.8287,1.05143,GPS ERROR,GPS ERROR,GPS ERROR,GPS ERROR,-0.4375,1,-0.0625,1,-0.4375,-0.0625,0,6.95E-308,1.45357e-311
-00:00:42:540,,393.3,-0.278551,33.9577,1.05544,GPS ERROR,GPS ERROR,GPS ERROR,GPS ERROR,-0.625,0.875,-0.125,0.875,-0.625,-0.125,0,6.95E-308,1.45357e-311
-00:00:43:553,,393.857,0.557104,34.0387,1.05796,GPS ERROR,GPS ERROR,GPS ERROR,GPS ERROR,-0.4375,0.875,-0.125,0.875,-0.4375,-0.125,0,6.95E-308,1.45357e-311
-00:00:44:567,,393.3,-0.557104,34.0237,1.05749,GPS ERROR,GPS ERROR,GPS ERROR,GPS ERROR,-0.4375,1,-0.1875,1,-0.4375,-0.1875,0,6.95E-308,1.45357e-311
-00:00:45:580,,393.579,0.278551,33.9257,1.05444,GPS ERROR,GPS ERROR,GPS ERROR,GPS ERROR,-0.4375,0.9375,-0.25,0.9375,-0.4375,-0.25,0,6.95E-308,1.45357e-311
-00:00:46:592,,393.857,0.278553,33.9093,1.05393,GPS ERROR,GPS ERROR,GPS ERROR,GPS ERROR,-0.4375,0.8125,0,0.8125,-0.4375,0,0,6.95E-308,1.45357e-311
-00:00:47:593,,393.857,0,33.9583,1.05546,GPS ERROR,GPS ERROR,GPS ERROR,GPS ERROR,-0.5625,0.875,-0.1875,0.875,-0.5625,-0.1875,0,6.95E-308,1.45357e-311
-00:00:48:602,,393.857,0,33.6509,1.0459,GPS ERROR,GPS ERROR,GPS ERROR,GPS ERROR,-0.5,0.8125,-0.0625,0.8125,-0.5,-0.0625,0,6.95E-308,1.45357e-311
-00:00:49:616,,394.136,0.278555,33.9257,1.05444,GPS ERROR,GPS ERROR,GPS ERROR,GPS ERROR,-0.625,1.0625,-0.0625,1.0625,-0.625,-0.0625,0,6.95E-308,1.45357e-311
-00:00:50:627,,394.414,0.278558,33.8773,1.05294,GPS ERROR,GPS ERROR,GPS ERROR,GPS ERROR,-0.5625,1.0625,-0.125,1.0625,-0.5625,-0.125,0,6.95E-308,1.45357e-311
-00:00:51:658,,394.693,0.27856,33.8784,1.05298,GPS ERROR,GPS ERROR,GPS ERROR,GPS ERROR,-0.5,0.9375,0,0.9375,-0.5,0,0,6.95E-308,1.45357e-311
-00:00:52:688,Apogee,394.136,-0.557118,34.1039,1.05998,GPS ERROR,GPS ERROR,GPS ERROR,GPS ERROR,-0.6875,0.8125,0,0.8125,-0.6875,0,0,6.95E-308,1.45357e-311
-00:00:53:718,,393.3,-0.83566,33.9415,1.05494,GPS ERROR,GPS ERROR,GPS ERROR,GPS ERROR,-0.3125,0.8125,-0.1875,0.8125,-0.3125,-0.1875,0,6.95E-308,1.45357e-311
-00:00:54:747,,393.579,0.278551,34.1863,1.06255,GPS ERROR,GPS ERROR,GPS ERROR,GPS ERROR,-0.5625,1,-0.0625,1,-0.5625,-0.0625,0,6.95E-308,1.45357e-311
-00:00:55:748,,393.857,0.278553,33.9262,1.05446,GPS ERROR,GPS ERROR,GPS ERROR,GPS ERROR,-0.5,0.9375,-0.1875,0.9375,-0.5,-0.1875,0,6.95E-308,1.45357e-311
-00:00:56:761,,393.579,-0.278553,34.1193,1.06046,GPS ERROR,GPS ERROR,GPS ERROR,GPS ERROR,-0.375,0.9375,0,0.9375,-0.375,0,0,6.95E-308,1.45357e-311
-00:00:57:774,,393.579,0,33.9592,1.05549,GPS ERROR,GPS ERROR,GPS ERROR,GPS ERROR,-0.4375,0.75,0,0.75,-0.4375,0,0,6.95E-308,1.45357e-311
-00:00:58:782,,393.579,0,33.8123,1.05092,GPS ERROR,GPS ERROR,GPS ERROR,GPS ERROR,-0.5625,0.9375,-0.3125,0.9375,-0.5625,-0.3125,0,6.95E-308,1.45357e-311
-00:00:59:783,,393.3,-0.278551,34.0246,1.05752,GPS ERROR,GPS ERROR,GPS ERROR,GPS ERROR,-0.5,1,0,1,-0.5,0,0,6.95E-308,1.45357e-311
-00:01:00:797,,393.579,0.278551,33.8784,1.05298,GPS ERROR,GPS ERROR,GPS ERROR,GPS ERROR,-0.4375,1.125,-0.125,1.125,-0.4375,-0.125,0,6.95E-308,1.45357e-311
-00:01:01:806,,393.579,0,33.9417,1.05494,GPS ERROR,GPS ERROR,GPS ERROR,GPS ERROR,-0.4375,1,0,1,-0.4375,0,0,6.95E-308,1.45357e-311
-00:01:02:807,,393.579,0,33.9903,1.05645,GPS ERROR,GPS ERROR,GPS ERROR,GPS ERROR,-0.5,0.8125,0,0.8125,-0.5,0,0,6.95E-308,1.45357e-311
-00:01:03:820,,393.857,0.278553,33.7473,1.0489,GPS ERROR,GPS ERROR,GPS ERROR,GPS ERROR,-0.5,0.875,-0.1875,0.875,-0.5,-0.1875,0,6.95E-308,1.45357e-311
-00:01:04:828,,393.3,-0.557104,33.9421,1.05495,GPS ERROR,GPS ERROR,GPS ERROR,GPS ERROR,-0.375,0.875,-0.125,0.875,-0.375,-0.125,0,6.95E-308,1.45357e-311
-00:01:05:842,,393.3,0,33.958,1.05545,44.5669,-123.276,N 44° 34.0131',W 123° 16.554',-0.5,0.9375,-0.125,0.9375,-0.5,-0.125,0,6.95E-308,1.45357e-311
-00:01:06:857,,393.579,0.278551,34.0232,1.05747,44.5669,-123.276,N 44° 34.0136',W 123° 16.554',-0.5625,0.9375,-0.1875,0.9375,-0.5625,-0.1875,0,6.95E-308,1.45357e-311
-00:01:07:868,,393.857,0.278553,33.78,1.04992,44.5669,-123.276,N 44° 34.0142',W 123° 16.5535',-0.6875,1,-0.125,1,-0.6875,-0.125,0,6.95E-308,1.45357e-311
-00:01:08:881,,393.3,-0.557104,33.8291,1.05144,44.5669,-123.276,N 44° 34.0147',W 123° 16.5532',-0.5,0.6875,-0.25,0.6875,-0.5,-0.25,0,6.95E-308,1.45357e-311
-00:01:09:895,,393.579,0.278551,33.8784,1.05297,44.5669,-123.276,N 44° 34.015',W 123° 16.5529',-0.4375,1.125,-0.0625,1.125,-0.4375,-0.0625,0,6.95E-308,1.45357e-311
-00:01:10:901,,393.579,0,34.0387,1.05796,44.5669,-123.276,N 44° 34.0154',W 123° 16.5525',-0.4375,0.9375,0,0.9375,-0.4375,0,0,6.95E-308,1.45357e-311
-00:01:11:921,,393.579,0,34.1198,1.06048,44.5669,-123.276,N 44° 34.0163',W 123° 16.5519',-0.5,0.9375,-0.1875,0.9375,-0.5,-0.1875,0,6.95E-308,1.45357e-311
-00:01:12:930,,393.021,-0.5571,33.926,1.05445,44.5669,-123.276,N 44° 34.0167',W 123° 16.5517',-0.5,0.9375,-15.9375,0.9375,-0.5,-15.9375,0,6.95E-308,1.45357e-311
-00:01:13:943,,393.3,0.278549,34.0712,1.05897,44.567,-123.276,N 44° 34.0176',W 123° 16.5511',-0.4375,0.8125,-0.1875,0.8125,-0.4375,-0.1875,0,6.95E-308,1.45357e-311
-00:01:14:949,,393.857,0.557104,33.8777,1.05295,44.567,-123.276,N 44° 34.0179',W 123° 16.5508',-0.4375,0.9375,-0.0625,0.9375,-0.4375,-0.0625,0,6.95E-308,1.45357e-311
-00:01:15:951,,393.021,-0.835653,33.7962,1.05042,44.567,-123.276,N 44° 34.0181',W 123° 16.5505',-0.5,1.1875,-0.125,1.1875,-0.5,-0.125,0,6.95E-308,1.45357e-311
-00:01:16:970,,393.579,0.5571,33.8935,1.05344,44.567,-123.276,N 44° 34.0184',W 123° 16.5504',-0.375,0.875,-0.0625,0.875,-0.375,-0.0625,0,6.95E-308,1.45357e-311
-00:01:17:981,,393.579,0,33.926,1.05445,44.567,-123.276,N 44° 34.0184',W 123° 16.5502',-0.75,1.0625,-0.125,1.0625,-0.75,-0.125,0,6.95E-308,1.45357e-311
-00:01:18:997,,394.136,0.557109,33.7636,1.04941,44.567,-123.276,N 44° 34.0185',W 123° 16.5501',-0.375,0.9375,-0.0625,0.9375,-0.375,-0.0625,0,6.95E-308,1.45357e-311
-00:01:20:007,,393.579,-0.557109,33.9749,1.05597,44.567,-123.276,N 44° 34.0184',W 123° 16.5501',-0.4375,1.125,-0.125,1.125,-0.4375,-0.125,0,6.95E-308,1.45357e-311
-00:01:21:019,,393.579,0,33.8613,1.05244,44.567,-123.276,N 44° 34.0183',W 123° 16.5503',-0.6875,1,-0.0625,1,-0.6875,-0.0625,0,6.95E-308,1.45357e-311
-00:01:22:050,,394.136,0.557109,33.7972,1.05045,44.567,-123.276,N 44° 34.0181',W 123° 16.5503',-0.5,1.1875,-0.1875,1.1875,-0.5,-0.1875,0,6.95E-308,1.45357e-311
-00:01:23:080,,393.579,-0.557109,33.9753,1.05599,44.567,-123.276,N 44° 34.018',W 123° 16.5503',-0.5,0.875,-0.1875,0.875,-0.5,-0.1875,0,6.95E-308,1.45357e-311
-00:01:24:110,,394.136,0.557109,33.8448,1.05193,44.567,-123.276,N 44° 34.018',W 123° 16.5502',-0.5625,0.9375,-0.125,0.9375,-0.5625,-0.125,0,6.95E-308,1.45357e-311
-00:01:25:139,,393.857,-0.278555,33.9429,1.05498,44.567,-123.276,N 44° 34.0179',W 123° 16.5502',-0.3125,0.875,-0.25,0.875,-0.3125,-0.25,0,6.95E-308,1.45357e-311
-00:01:26:152,,393.021,-0.835653,33.7638,1.04941,44.567,-123.276,N 44° 34.0177',W 123° 16.5503',-0.5625,0.75,0,0.75,-0.5625,0,0,6.95E-308,1.45357e-311
-00:01:27:165,,393.579,0.5571,33.9421,1.05496,44.567,-123.276,N 44° 34.0175',W 123° 16.5504',-0.4375,0.9375,0,0.9375,-0.4375,0,0,6.95E-308,1.45357e-311
-00:01:28:178,,393.857,0.278553,34.0227,1.05746,44.567,-123.276,N 44° 34.0172',W 123° 16.5503',-0.3125,0.6875,-0.3125,0.6875,-0.3125,-0.3125,0,6.95E-308,1.45357e-311
-00:01:29:192,,393.579,-0.278553,33.9589,1.05548,44.5669,-123.276,N 44° 34.017',W 123° 16.5503',-0.3125,0.8125,-0.0625,0.8125,-0.3125,-0.0625,0,6.95E-308,1.45357e-311
-00:01:30:208,,394.136,0.557109,33.9745,1.05596,44.5669,-123.276,N 44° 34.0169',W 123° 16.5502',-0.4375,0.75,-0.0625,0.75,-0.4375,-0.0625,0,6.95E-308,1.45357e-311
-00:01:31:218,,393.857,-0.278555,33.7322,1.04843,44.5669,-123.276,N 44° 34.0168',W 123° 16.5501',-0.5625,0.9375,-0.0625,0.9375,-0.5625,-0.0625,0,6.95E-308,1.45357e-311
-00:01:32:234,,393.857,0,33.9914,1.05649,44.5669,-123.276,N 44° 34.0166',W 123° 16.5501',-0.625,1,-0.1875,1,-0.625,-0.1875,0,6.95E-308,1.45357e-311
-00:01:33:243,,393.857,0,34.0231,1.05747,44.5669,-123.276,N 44° 34.0164',W 123° 16.5501',-0.5625,0.875,-0.0625,0.875,-0.5625,-0.0625,0,6.95E-308,1.45357e-311
-00:01:34:258,,393.857,0,33.8447,1.05193,44.5669,-123.276,N 44° 34.0162',W 123° 16.5502',-0.6875,1.0625,-0.0625,1.0625,-0.6875,-0.0625,0,6.95E-308,1.45357e-311
-00:01:35:269,,394.414,0.557113,33.9097,1.05395,44.5669,-123.276,N 44° 34.0161',W 123° 16.5503',-0.4375,0.9375,-0.1875,0.9375,-0.4375,-0.1875,0,6.95E-308,1.45357e-311
-00:01:36:283,,393.857,-0.557113,33.8937,1.05345,44.567,-123.276,N 44° 34.0173',W 123° 16.55',-0.5625,1,0,1,-0.5625,0,0,6.95E-308,1.45357e-311
-00:01:37:296,,393.857,0,33.8611,1.05244,44.567,-123.276,N 44° 34.0181',W 123° 16.5498',-0.375,0.875,-0.125,0.875,-0.375,-0.125,0,6.95E-308,1.45357e-311
-00:01:38:309,,393.579,-0.278553,33.8944,1.05347,44.567,-123.276,N 44° 34.0187',W 123° 16.5497',-0.5,1.0625,-0.0625,1.0625,-0.5,-0.0625,0,6.95E-308,1.45357e-311
-00:01:39:321,,393.579,0,33.8944,1.05347,44.567,-123.276,N 44° 34.0192',W 123° 16.5496',-0.5,1,0,1,-0.5,0,0,6.95E-308,1.45357e-311
-00:01:40:335,,393.579,0,34.0067,1.05696,44.567,-123.276,N 44° 34.0196',W 123° 16.5496',-0.375,0.9375,-0.125,0.9375,-0.375,-0.125,0,6.95E-308,1.45357e-311
-00:01:41:349,,393.579,0,33.716,1.04793,44.567,-123.276,N 44° 34.0199',W 123° 16.5495',-0.375,0.9375,-0.25,0.9375,-0.375,-0.25,0,6.95E-308,1.45357e-311
-00:01:42:362,,393.579,0,33.8931,1.05343,44.567,-123.276,N 44° 34.0202',W 123° 16.5494',-0.5,1,-0.0625,1,-0.5,-0.0625,0,6.95E-308,1.45357e-311
-00:01:43:375,,393.579,0,33.6509,1.0459,44.567,-123.276,N 44° 34.0204',W 123° 16.5494',-0.5,0.875,-0.125,0.875,-0.5,-0.125,0,6.95E-308,1.45357e-311
-00:01:44:387,,394.414,0.835666,34.1208,1.06051,44.567,-123.276,N 44° 34.0206',W 123° 16.5493',-0.4375,1,0.0625,1,-0.4375,0.0625,0,6.95E-308,1.45357e-311
-00:01:45:400,,393.021,-1.39277,34.0878,1.05948,44.567,-123.276,N 44° 34.0208',W 123° 16.5492',-0.4375,0.9375,0,0.9375,-0.4375,0,0,6.95E-308,1.45357e-311
-00:01:46:412,,393.857,0.835653,33.7163,1.04794,44.567,-123.276,N 44° 34.021',W 123° 16.5491',-0.375,0.9375,-0.125,0.9375,-0.375,-0.125,0,6.95E-308,1.45357e-311
-00:01:47:426,,393.857,0,34.1038,1.05998,44.567,-123.276,N 44° 34.0212',W 123° 16.549',-0.5,0.9375,-0.25,0.9375,-0.5,-0.25,0,6.95E-308,1.45357e-311
-00:01:48:439,,393.857,0,33.9101,1.05396,44.567,-123.276,N 44° 34.0213',W 123° 16.549',-0.5,1,-0.0625,1,-0.5,-0.0625,0,6.95E-308,1.45357e-311
-00:01:49:452,,393.857,0,33.9905,1.05646,44.567,-123.276,N 44° 34.0214',W 123° 16.549',-0.4375,1.125,0,1.125,-0.4375,0,0,6.95E-308,1.45357e-311
-00:01:50:463,,394.414,0.557113,33.974,1.05595,44.567,-123.276,N 44° 34.0216',W 123° 16.5489',-0.5,0.9375,-0.0625,0.9375,-0.5,-0.0625,0,6.95E-308,1.45357e-311
-00:01:51:478,,393.857,-0.557113,34.0393,1.05797,44.567,-123.276,N 44° 34.0217',W 123° 16.5491',-0.5625,0.8125,0,0.8125,-0.5625,0,0,6.95E-308,1.45357e-311
-00:01:52:508,,393.857,0,33.7473,1.0489,44.567,-123.276,N 44° 34.0218',W 123° 16.5492',-0.4375,0.875,-0.125,0.875,-0.4375,-0.125,0,6.95E-308,1.45357e-311
-00:01:53:538,,394.414,0.557113,33.8775,1.05295,44.567,-123.276,N 44° 34.0219',W 123° 16.5493',-0.625,1,-0.0625,1,-0.625,-0.0625,0,6.95E-308,1.45357e-311
-00:01:54:568,,394.136,-0.278558,33.8283,1.05142,44.567,-123.276,N 44° 34.0227',W 123° 16.5499',-0.3125,1.0625,-0.0625,1.0625,-0.3125,-0.0625,0,6.95E-308,1.45357e-311
-00:01:55:598,,394.136,0,34.37,1.06825,44.567,-123.276,N 44° 34.0227',W 123° 16.5499',-2.6875,3.625,0.3125,3.625,-2.6875,0.3125,0,6.95E-308,1.45357e-311
-00:01:56:611,,394.414,0.278558,34.1202,1.06049,44.567,-123.276,N 44° 34.0226',W 123° 16.5499',-0.4375,0.9375,-0.125,0.9375,-0.4375,-0.125,0,6.95E-308,1.45357e-311
-00:01:57:628,,394.693,0.27856,33.8445,1.05192,44.567,-123.276,N 44° 34.0228',W 123° 16.5498',0.375,0,0.1875,0,0.375,0.1875,0,6.95E-308,1.45357e-311
-00:01:58:637,,394.414,-0.27856,34.3628,1.06803,44.567,-123.276,N 44° 34.0227',W 123° 16.5497',0.125,-0.4375,13.375,-0.4375,0.125,13.375,0,6.95E-308,1.45357e-311
-00:01:59:650,,394.414,0,34.121,1.06051,44.5671,-123.276,N 44° 34.023',W 123° 16.5497',-0.625,1,-0.1875,1,-0.625,-0.1875,0,6.95E-308,1.45357e-311
-00:02:00:651,,394.693,0.27856,50.918,1.58258,44.567,-123.276,N 44° 34.0229',W 123° 16.5496',33.9375,6.75,15.5,6.75,33.9375,15.5,0,6.95E-308,1.45357e-311
-00:02:01:659,,394.971,0.278562,37.2653,1.15824,44.5671,-123.276,N 44° 34.0231',W 123° 16.5494',17.0625,6.875,-4.25,6.875,17.0625,-4.25,0,6.95E-308,1.45357e-311
-00:02:02:672,Apogee,394.414,-0.557122,35.2195,1.09466,44.567,-123.276,N 44° 34.0229',W 123° 16.5495',-2.0625,9.5,4,9.5,-2.0625,4,0,6.95E-308,1.45357e-311
-00:02:03:689,,394.136,-0.278558,33.9664,1.05571,44.567,-123.276,N 44° 34.0229',W 123° 16.5496',2.125,14.6875,1.8125,14.6875,2.125,1.8125,0,6.95E-308,1.45357e-311
-00:02:04:699,,393.3,-0.83566,33.9312,1.05461,44.567,-123.276,N 44° 34.0228',W 123° 16.5497',-0.6875,1.1875,-12.8125,1.1875,-0.6875,-12.8125,0,6.95E-308,1.45357e-311
-00:02:05:711,,394.136,0.83566,33.8451,1.05194,44.567,-123.276,N 44° 34.0224',W 123° 16.55',-0.375,0.875,-0.0625,0.875,-0.375,-0.0625,0,6.95E-308,1.45357e-311
-00:02:06:724,,394.136,0,34.056,1.05849,44.567,-123.276,N 44° 34.0224',W 123° 16.55',-0.5625,0.875,-0.0625,0.875,-0.5625,-0.0625,0,6.95E-308,1.45357e-311
-00:02:07:727,,393.857,-0.278555,33.9095,1.05394,44.567,-123.276,N 44° 34.0223',W 123° 16.5499',-0.5,0.875,-0.25,0.875,-0.5,-0.25,0,6.95E-308,1.45357e-311
-00:02:08:735,,393.3,-0.557104,33.9584,1.05546,44.567,-123.276,N 44° 34.0222',W 123° 16.5497',-0.4375,1.0625,-0.1875,1.0625,-0.4375,-0.1875,0,6.95E-308,1.45357e-311
-00:02:09:746,,394.136,0.83566,34.024,1.0575,44.567,-123.276,N 44° 34.0222',W 123° 16.5497',-0.5,0.9375,-0.125,0.9375,-0.5,-0.125,0,6.95E-308,1.45357e-311
-00:02:10:748,,393.857,-0.278555,34.1055,1.06003,44.567,-123.276,N 44° 34.0224',W 123° 16.5496',-0.375,0.8125,-0.1875,0.8125,-0.375,-0.1875,0,6.95E-308,1.45357e-311
-00:02:11:758,,393.579,-0.278553,33.894,1.05346,44.567,-123.276,N 44° 34.0225',W 123° 16.5495',-0.5,1,-0.1875,1,-0.5,-0.1875,0,6.95E-308,1.45357e-311
-00:02:12:770,,393.579,0,33.7803,1.04993,44.567,-123.276,N 44° 34.0225',W 123° 16.5493',-0.4375,1,0,1,-0.4375,0,0,6.95E-308,1.45357e-311
-00:02:13:782,,393.579,0,33.8606,1.05242,44.567,-123.276,N 44° 34.0224',W 123° 16.5493',-0.5625,1.0625,-0.1875,1.0625,-0.5625,-0.1875,0,6.95E-308,1.45357e-311
-00:02:14:796,,393.857,0.278553,33.9876,1.05637,44.567,-123.276,N 44° 34.0225',W 123° 16.5492',-0.5,1.0625,-3.0625,1.0625,-0.5,-3.0625,0,6.95E-308,1.45357e-311
-00:02:15:809,,394.971,1.11424,34.215,1.06344,44.567,-123.276,N 44° 34.0226',W 123° 16.5493',-0.75,2.125,29.8125,2.125,-0.75,29.8125,0,6.95E-308,1.45357e-311
-00:02:16:810,,396.921,1.95,99.7911,3.10161,44.567,-123.276,N 44° 34.0226',W 123° 16.5491',-48.625,-38.625,-3.5,-38.625,-48.625,-3.5,0,6.95E-308,1.45357e-311
-00:02:17:822,,398.036,1.11434,89.3592,2.77737,44.567,-123.276,N 44° 34.022',W 123° 16.549',119.188,-29.1875,-29.5,-29.1875,119.188,-29.5,0,6.95E-308,1.45357e-311
-00:02:18:832,,398.593,0.557182,70.9582,2.20545,44.567,-123.276,N 44° 34.0212',W 123° 16.5498',225.313,16.75,-29.5625,16.75,225.313,-29.5625,0,6.95E-308,1.45357e-311
-00:02:19:845,Apogee,395.25,-3.34295,33.5114,1.04157,44.567,-123.276,N 44° 34.0207',W 123° 16.5493',-4.3125,32.8125,52.875,32.8125,-4.3125,52.875,0,6.95E-308,1.45357e-311
-00:02:20:871,,394.414,-0.835687,27.0591,0.841024,44.567,-123.276,N 44° 34.0206',W 123° 16.5494',-12.125,14.875,70.5625,14.875,-12.125,70.5625,0,6.95E-308,1.45357e-311
-00:02:21:904,,394.136,-0.278558,41.4962,1.28974,44.567,-123.276,N 44° 34.0207',W 123° 16.5496',-41.5,-43.3125,-51.75,-43.3125,-41.5,-51.75,0,6.95E-308,1.45357e-311
-00:02:22:934,,394.693,0.557118,33.3654,1.03703,44.567,-123.276,N 44° 34.0209',W 123° 16.5495',-11.625,1.5,-96.25,1.5,-11.625,-96.25,0,6.95E-308,1.45357e-311
-00:02:23:961,,394.971,0.278562,32.6355,1.01434,44.567,-123.276,N 44° 34.0211',W 123° 16.5488',1.75,-1.1875,-22.6875,-1.1875,1.75,-22.6875,0,6.95E-308,1.45357e-311
-00:02:24:990,,394.414,-0.557122,33.9975,1.05668,44.567,-123.276,N 44° 34.0211',W 123° 16.5484',2.1875,-8.25,-25.75,-8.25,2.1875,-25.75,0,6.95E-308,1.45357e-311
-00:02:26:004,,394.136,-0.278558,35.4944,1.1032,44.567,-123.276,N 44° 34.0214',W 123° 16.5486',1.5,-19.3125,-4.5625,-19.3125,1.5,-4.5625,0,6.95E-308,1.45357e-311
-00:02:27:018,,394.414,0.278558,32.1656,0.999737,44.567,-123.276,N 44° 34.0216',W 123° 16.5488',-15.4375,-1.8125,-32.75,-1.8125,-15.4375,-32.75,0,6.95E-308,1.45357e-311
-00:02:28:032,,395.25,0.835687,35.0129,1.08824,44.567,-123.276,N 44° 34.0211',W 123° 16.5473',5,3.375,-2.125,3.375,5,-2.125,0,6.95E-308,1.45357e-311
-00:02:29:045,,394.414,-0.835687,36.0773,1.12132,44.567,-123.276,N 44° 34.0208',W 123° 16.548',-64.25,40.3125,13.75,40.3125,-64.25,13.75,0,6.95E-308,1.45357e-311
-00:02:30:058,,394.414,0,36.692,1.14043,44.567,-123.276,N 44° 34.0219',W 123° 16.5471',31.5,21.6875,89.75,21.6875,31.5,89.75,0,6.95E-308,1.45357e-311
-00:02:31:071,,394.136,-0.278558,31.9036,0.991596,44.567,-123.276,N 44° 34.0226',W 123° 16.5466',-4.375,-12.9375,4.5,-12.9375,-4.375,4.5,0,6.95E-308,1.45357e-311
-00:02:32:085,,394.136,0,34.7769,1.0809,44.567,-123.276,N 44° 34.0228',W 123° 16.5462',-44.9375,54.4375,60.375,54.4375,-44.9375,60.375,0,6.95E-308,1.45357e-311
-00:02:33:098,,394.971,0.83568,32.232,1.0018,44.5671,-123.276,N 44° 34.0232',W 123° 16.5456',-40.625,25.1875,56.1875,25.1875,-40.625,56.1875,0,6.95E-308,1.45357e-311
-00:02:34:114,,394.693,-0.278562,44.9809,1.39805,44.5671,-123.276,N 44° 34.0234',W 123° 16.5455',5.625,3.0625,20.375,3.0625,5.625,20.375,0,6.95E-308,1.45357e-311
-00:02:35:123,,395.25,0.557127,36.0714,1.12114,44.5671,-123.276,N 44° 34.0236',W 123° 16.5458',-1,12.6875,56,12.6875,-1,56,0,6.95E-308,1.45357e-311
-00:02:36:138,,394.971,-0.278565,28.4453,0.884108,44.5671,-123.276,N 44° 34.0236',W 123° 16.5461',10.1875,-18.625,-31.3125,-18.625,10.1875,-31.3125,0,6.95E-308,1.45357e-311
-00:02:37:151,,393.857,-1.11424,35.9548,1.11751,44.5671,-123.276,N 44° 34.0239',W 123° 16.5461',20.3125,33.5625,-43.5,33.5625,20.3125,-43.5,0,6.95E-308,1.45357e-311
-00:02:38:163,,393.579,-0.278553,32.3975,1.00695,44.5671,-123.276,N 44° 34.0236',W 123° 16.5457',-15.8125,-21,3.3125,-21,-15.8125,3.3125,0,6.95E-308,1.45357e-311
-00:02:39:164,,393.579,0,31.1702,0.9688,44.567,-123.276,N 44° 34.0228',W 123° 16.5455',1.375,5.1875,10.3125,5.1875,1.375,10.3125,0,6.95E-308,1.45357e-311
-00:02:40:172,,393.579,0,34.7537,1.08018,44.567,-123.276,N 44° 34.0227',W 123° 16.5453',3.125,13.375,-1.3125,13.375,3.125,-1.3125,0,6.95E-308,1.45357e-311
-00:02:41:185,,394.693,1.11423,33.6417,1.04562,44.567,-123.276,N 44° 34.0222',W 123° 16.5453',-48.9375,8.75,19.375,8.75,-48.9375,19.375,0,6.95E-308,1.45357e-311
-00:02:42:198,,394.136,-0.557118,33.8154,1.05102,44.567,-123.276,N 44° 34.0216',W 123° 16.5451',2.0625,-1.25,-0.3125,-1.25,2.0625,-0.3125,0,6.95E-308,1.45357e-311
-00:02:43:211,,394.136,0,33.8547,1.05224,44.567,-123.276,N 44° 34.0215',W 123° 16.5451',8.9375,-12.0625,-19.75,-12.0625,8.9375,-19.75,0,6.95E-308,1.45357e-311
-00:02:44:225,,394.136,0,35.1756,1.09329,44.567,-123.276,N 44° 34.0211',W 123° 16.5448',4.4375,-3.125,-0.8125,-3.125,4.4375,-0.8125,0,6.95E-308,1.45357e-311
-00:02:45:239,,393.579,-0.557109,38.9123,1.20943,44.567,-123.276,N 44° 34.021',W 123° 16.5447',-15.6875,-24.8125,-49.1875,-24.8125,-15.6875,-49.1875,0,6.95E-308,1.45357e-311
-00:02:46:255,,394.136,0.557109,42.1318,1.3095,44.567,-123.276,N 44° 34.021',W 123° 16.5448',3,-6.4375,-24.75,-6.4375,3,-24.75,0,6.95E-308,1.45357e-311
-00:02:47:264,,393.857,-0.278555,21.2272,0.659762,44.567,-123.276,N 44° 34.0209',W 123° 16.545',27,4.75,17.25,4.75,27,17.25,0,6.95E-308,1.45357e-311
-00:02:48:277,,395.25,1.3928,39.4924,1.22746,44.567,-123.276,N 44° 34.0205',W 123° 16.5447',19.4375,9.4375,35.0625,9.4375,19.4375,35.0625,0,6.95E-308,1.45357e-311
-00:02:49:294,,395.25,0,31.7978,0.988308,44.567,-123.276,N 44° 34.0201',W 123° 16.5445',-26.25,12.375,-8,12.375,-26.25,-8,0,6.95E-308,1.45357e-311
-00:02:50:301,,394.414,-0.835687,29.3815,0.913207,44.567,-123.276,N 44° 34.02',W 123° 16.5446',-3.9375,6.0625,-13.4375,6.0625,-3.9375,-13.4375,0,6.95E-308,1.45357e-311
-00:02:51:331,,395.25,0.835687,37.9052,1.17813,44.567,-123.276,N 44° 34.0197',W 123° 16.5447',22.125,12.1875,15.375,12.1875,22.125,15.375,0,6.95E-308,1.45357e-311
-00:02:52:362,,394.971,-0.278565,31.4903,0.97875,44.567,-123.276,N 44° 34.0196',W 123° 16.5447',-16,-24.0625,21.1875,-24.0625,-16,21.1875,0,6.95E-308,1.45357e-311
-00:02:53:393,,395.529,0.557132,32.2712,1.00302,44.567,-123.276,N 44° 34.0198',W 123° 16.5447',-3.4375,0.25,0.875,0.25,-3.4375,0.875,0,6.95E-308,1.45357e-311
-00:02:54:422,,395.25,-0.278567,35.8141,1.11314,44.567,-123.276,N 44° 34.0194',W 123° 16.5447',-3.5625,8.875,-30.0625,8.875,-3.5625,-30.0625,0,6.95E-308,1.45357e-311
-00:02:55:451,,394.971,-0.278565,36.1816,1.12456,44.567,-123.276,N 44° 34.0193',W 123° 16.5452',-4.375,37.875,96.1875,37.875,-4.375,96.1875,0,6.95E-308,1.45357e-311
-00:02:56:465,,395.529,0.557132,39.4745,1.22691,44.567,-123.276,N 44° 34.0192',W 123° 16.5457',-58.6875,-12.9375,23.75,-12.9375,-58.6875,23.75,0,6.95E-308,1.45357e-311
-00:02:57:477,,394.693,-0.835694,26.5276,0.824504,44.567,-123.276,N 44° 34.0188',W 123° 16.5461',-42.3125,5,41.4375,5,-42.3125,41.4375,0,6.95E-308,1.45357e-311
-00:02:58:491,,395.529,0.835694,36.5612,1.13636,44.567,-123.276,N 44° 34.0186',W 123° 16.5462',16.3125,-6.375,-0.875,-6.375,16.3125,-0.875,0,6.95E-308,1.45357e-311
-00:02:59:504,,394.971,-0.557132,37.1634,1.15508,44.567,-123.276,N 44° 34.0186',W 123° 16.5462',14.5625,-1.75,9.1875,-1.75,14.5625,9.1875,0,6.95E-308,1.45357e-311
-00:03:00:516,,395.807,0.835701,28.082,0.872816,44.567,-123.276,N 44° 34.0187',W 123° 16.5463',6.9375,-6.875,-79.8125,-6.875,6.9375,-79.8125,0,6.95E-308,1.45357e-311
-00:03:01:529,,395.25,-0.557136,32.3285,1.0048,44.567,-123.276,N 44° 34.0188',W 123° 16.5469',10.5,-28.125,-72.5625,-28.125,10.5,-72.5625,0,6.95E-308,1.45357e-311
-00:03:02:542,,395.25,0,40.0303,1.24418,44.567,-123.276,N 44° 34.0188',W 123° 16.5476',-6.0625,12.0625,-26.625,12.0625,-6.0625,-26.625,0,6.95E-308,1.45357e-311
-00:03:03:556,,394.414,-0.835687,37.7726,1.17401,44.567,-123.276,N 44° 34.0186',W 123° 16.5477',18.625,51.0625,-20.1875,51.0625,18.625,-20.1875,0,6.95E-308,1.45357e-311
-00:03:04:569,,394.971,0.557122,33.8647,1.05255,44.567,-123.276,N 44° 34.0184',W 123° 16.5475',-0.6875,1.125,-0.125,1.125,-0.6875,-0.125,0,6.95E-308,1.45357e-311
-00:03:05:582,,395.25,0.278565,33.8932,1.05343,44.567,-123.276,N 44° 34.0184',W 123° 16.5474',-0.5625,0.8125,0.125,0.8125,-0.5625,0.125,0,6.95E-308,1.45357e-311
-00:03:06:595,,394.414,-0.835687,34.0549,1.05846,44.567,-123.276,N 44° 34.0184',W 123° 16.5472',-0.4375,1.0625,-0.125,1.0625,-0.4375,-0.125,0,6.95E-308,1.45357e-311
-00:03:07:608,,394.414,0,34.0231,1.05747,44.567,-123.276,N 44° 34.0184',W 123° 16.5471',-0.375,0.875,-0.125,0.875,-0.375,-0.125,0,6.95E-308,1.45357e-311
-00:03:08:622,,394.414,0,33.9261,1.05446,44.567,-123.276,N 44° 34.0184',W 123° 16.547',-0.625,1,-0.0625,1,-0.625,-0.0625,0,6.95E-308,1.45357e-311
-00:03:09:628,,394.693,0.27856,33.9258,1.05445,44.567,-123.276,N 44° 34.0185',W 123° 16.5468',-0.5,1,0,1,-0.5,0,0,6.95E-308,1.45357e-311
-00:03:10:630,,394.971,0.278562,33.9746,1.05596,44.567,-123.276,N 44° 34.0185',W 123° 16.5465',-0.5,0.9375,0.0625,0.9375,-0.5,0.0625,0,6.95E-308,1.45357e-311
-00:03:11:644,,395.25,0.278565,33.8784,1.05298,44.567,-123.276,N 44° 34.0185',W 123° 16.5464',-0.5,1,-0.125,1,-0.5,-0.125,0,6.95E-308,1.45357e-311
-00:03:12:657,,394.414,-0.835687,33.8446,1.05192,44.567,-123.276,N 44° 34.0186',W 123° 16.5462',-0.5,0.9375,-0.0625,0.9375,-0.5,-0.0625,0,6.95E-308,1.45357e-311
