-0.25,1,-0.0625,-0.997557,-0.0195408,-0.036639,0,0,0,,,,-1,0,0,,,,83148,3256.6092,10654.8465,0,N 32° 56.6092',32,56.6092,W 106° 54.8465',106,54.8465
-0.5,0.9375,0,-0.999511,-0.0210064,-0.0381045,0,0,0,,,,-1,0,0,,,,83144,3256.6092,10654.8464,0,N 32° 56.6092',32,56.6092,W 106° 54.8464',106,54.8464
-0.5625,1.125,-0.1875,-0.875916,-0.0190523,-0.0361505,0,0,0,,,,-1,0,0,,,,83147,3256.6092,10654.8464,0,N 32° 56.6092',32,56.6092,W 106° 54.8464',106,54.8464
-0.375,0.875,-0.125,-0.998534,-0.0210064,-0.0400586,0,0,0,,,,-1,0,0,,,,83147,3256.6092,10654.8464,0,N 32° 56.6092',32,56.6092,W 106° 54.8464',106,54.8464
-0.5,1,-0.1875,-1.00147,-0.0205178,-0.0317538,0,0,0,,,,-1,0,0,,,,83147,3256.6091,10654.8464,0,N 32° 56.6091',32,56.6091,W 106° 54.8464',106,54.8464
-0.5,0.9375,-0.3125,-0.998534,-0.0195408,-0.0420127,0,0,0,,,,-1,0,0,,,,83147,3256.6091,10654.8464,0,N 32° 56.6091',32,56.6091,W 106° 54.8464',106,54.8464
-0.375,1,-0.0625,-0.999511,-0.0185638,-0.0337079,0,0,0,,,,0,0,0,,,,83147,3256.6091,10654.8464,0,N 32° 56.6091',32,56.6091,W 106° 54.8464',106,54.8464
-0.5,0.875,0,-0.997069,-0.0195408,-0.0346849,0,0,0,,,,-1,0,0,,,,83145,3256.6091,10654.8464,0,N 32° 56.6091',32,56.6091,W 106° 54.8464',106,54.8464
-0.375,1,-0.3125,-1,-0.0205178,-0.0449438,0,0,0,,,,-1,0,0,,,,83146,3256.6091,10654.8464,0,N 32° 56.6091',32,56.6091,W 106° 54.8464',106,54.8464
-0.5625,0.9375,-0.125,-0.999511,-0.0190523,-0.0361505,0,0,0,,,,-1,0,0,,,,83144,3256.6091,10654.8464,0,N 32° 56.6091',32,56.6091,W 106° 54.8464',106,54.8464
-0.4375,0.875,-0.25,-0.997557,-0.0175867,-0.0415242,0,0,0,,,,-1,0,0,,,,83146,3256.6091,10654.8464,0,N 32° 56.6091',32,56.6091,W 106° 54.8464',106,54.8464
35.0625,-0.1875,-6.75,-10.2872,-0.149487,-0.377137,0,0,0,,,,-1,0,0,,,,83121,3256.609,10654.8463,0,N 32° 56.6090',32,56.609,W 106° 54.8463',106,54.8463
-273.688,24.625,-16.6875,-12.2027,-0.142648,0.34001,0,0,0,,,,-7,0,0,,,,82335,3256.6155,10654.8536,0,N 32° 56.6155',32,56.6155,W 106° 54.8536',106,54.8536
-202.75,110.688,-46.9375,-12.0962,-1.25208,1.27846,0,0,0,,,,-8,0,0,,,,81253,3256.605,10654.8321,0,N 32° 56.6050',32,56.605,W 106° 54.8321',106,54.8321
-424.063,-28.6875,-9.1875,-11.6307,-0.372252,0.545188,0,0,0,,,,-8,0,0,,,,79019,-211981.68,85555.5491,0,S 21° 1981.68',21,1981.68,W 855° 55.5491',855,55.5491
-100.563,2.0625,-0.6875,-7.14314,-0.0332193,0.0234489,0,0,0,,,,-7,0,0,,,,78251,-211981.68,85555.549,0,S 21° 1981.68',21,1981.68,W 855° 55.5490',855,55.549
-45,5.625,-5.0625,-1.25745,0.0537372,0.168051,0,0,0,,,,0,0,0,,,,76034,-211981.68,85555.5489,0,S 21° 1981.68',21,1981.68,W 855° 55.5489',855,55.5489
-23.3125,-0.4375,-3.5,0.424524,-0.0757206,0.141182,0,0,0,,,,-1,0,0,,,,73245,-211981.68,85555.5488,0,S 21° 1981.68',21,1981.68,W 855° 55.5488',855,55.5488
-44.8125,0.5625,0,1.64973,-0.105032,0.0454323,0,0,0,,,,0,0,0,,,,70084,-211981.68,85555.5487,0,S 21° 1981.68',21,1981.68,W 855° 55.5487',855,55.5487
-68.375,-1.75,-0.9375,1.47484,0.0312653,-0.0048852,0,0,0,,,,0,0,0,,,,66840,-211981.68,85555.5479,0,S 21° 1981.68',21,1981.68,W 855° 55.5479',855,55.5479
-125.438,2.8125,-3.5625,1.31656,-0.0297997,0.148999,0,0,0,,,,0,0,0,,,,63609,-211981.68,85555.5478,0,S 21° 1981.68',21,1981.68,W 855° 55.5478',855,55.5478
-197.5,1.1875,-4.375,1.11871,-0.0679043,0.128481,0,0,0,,,,0,0,0,,,,60532,-211981.68,85555.5477,0,S 21° 1981.68',21,1981.68,W 855° 55.5477',855,55.5477
-242.25,-0.25,-4.4375,0.985833,-0.0166097,0.00390816,0,0,0,,,,0,0,0,,,,57680,-211981.68,85555.5476,0,S 21° 1981.68',21,1981.68,W 855° 55.5476',855,55.5476
-253.563,-0.6875,-5.625,0.846605,-0.0693698,0.16512,0,0,0,,,,0,0,0,,,,54988,-211981.68,85555.5491,0,S 21° 1981.68',21,1981.68,W 855° 55.5491',855,55.5491
-250.188,2,-5.5,0.598437,-0.0127015,0.0576453,0,0,0,,,,0,0,0,,,,52651,-211981.68,85555.5492,0,S 21° 1981.68',21,1981.68,W 855° 55.5492',855,55.5492
-233.188,-2.625,-6.4375,0.547142,-0.0410357,0.0762091,0,0,0,,,,0,0,0,,,,50385,3256.4667,10654.3022,0,N 32° 56.4667',32,56.4667,W 106° 54.3022',106,54.3022
-272.563,15.75,-7.5625,0.504641,-0.024426,0.0747435,0,0,0,,,,0,0,0,,,,48440,-211981.68,85555.549,0,S 21° 1981.68',21,1981.68,W 855° 55.5490',855,55.549
-369.188,-0.6875,-11.25,0.425989,-0.0630191,0.0625305,0,0,0,,,,0,0,0,,,,46499,-211981.68,85555.5487,0,S 21° 1981.68',21,1981.68,W 855° 55.5487',855,55.5487
-407.75,2.8125,-15.875,0.254519,-0.0708354,0.0478749,0,0,0,,,,0,0,0,,,,44349,-211981.68,85555.5488,0,S 21° 1981.68',21,1981.68,W 855° 55.5488',855,55.5488
-407.063,8.375,-22.125,0.340987,-0.062042,0.0664387,0,0,0,,,,0,0,0,,,,42897,3256.4232,10654.1401,0,N 32° 56.4232',32,56.4232,W 106° 54.1401',106,54.1401
-399.25,13.75,-25.5,0.330728,-0.0561798,0.0639961,0,0,0,,,,0,0,0,,,,41478,-211981.68,85555.5479,0,S 21° 1981.68',21,1981.68,W 855° 55.5479',855,55.5479
-378.875,19.125,-31.3125,0.327797,-0.0644846,0.0771861,0,0,0,,,,0,0,0,,,,39905,-211981.68,85555.5476,0,S 21° 1981.68',21,1981.68,W 855° 55.5476',855,55.5476
-351.625,37.1875,-40.4375,0.372741,-0.087445,0.147044,0,0,0,,,,0,0,0,,,,38600,-211981.68,85555.5477,0,S 21° 1981.68',21,1981.68,W 855° 55.5477',855,55.5477
-207.938,-44.25,-30.8125,0.343918,-0.220811,0.265755,0,0,0,,,,0,0,0,,,,37403,3256.3795,10653.9897,0,N 32° 56.3795',32,56.3795,W 106° 53.9897',106,53.9897
-486.938,1.875,9.375,0.143625,-0.117245,0.0581339,0,0,0,,,,0,0,0,,,,34822,-211981.68,85555.5487,0,S 21° 1981.68',21,1981.68,W 855° 55.5487',855,55.5487
-305.5,7.5,-5.625,0.100635,-0.0390816,0.00830484,0,0,0,,,,0,0,0,,,,33478,-211981.68,85555.5489,0,S 21° 1981.68',21,1981.68,W 855° 55.5489',855,55.5489
-288.125,4.5625,6.6875,0.0913532,-0.0371275,-0.00195408,0,0,0,,,,0,0,0,,,,32801,-211981.68,85555.5492,0,S 21° 1981.68',21,1981.68,W 855° 55.5492',855,55.5492
-200.75,-5.25,-1.25,0.0561798,-0.0175867,-0.00586224,0,0,0,,,,0,0,0,,,,31690,-211981.68,85555.5471,0,S 21° 1981.68',21,1981.68,W 855° 55.5471',855,55.5471
-173.313,1.875,0.5,0.0478749,-0.01319,-0.0214949,0,0,0,,,,0,0,0,,,,31243,-211981.68,85555.547,0,S 21° 1981.68',21,1981.68,W 855° 55.5470',855,55.547
-113.125,-3.0625,-3.3125,0.024426,-0.0097704,-0.0166097,0,0,0,,,,0,0,0,,,,29966,-211981.68,85555.5488,0,S 21° 1981.68',21,1981.68,W 855° 55.5488',855,55.5488
-79.375,-6.0625,-7.875,0.0156326,-0.0117245,-0.0239375,0,0,0,,,,0,0,0,,,,29426,3256.227,10653.4146,0,N 32° 56.2270',32,56.227,W 106° 53.4146',106,53.4146
134.375,48.8125,-136.438,-0.0288227,0.106986,1.22765,0,0,0,,,,0,-2,-4,,,,29552,3256.1963,10653.3004,0,N 32° 56.1963',32,56.1963,W 106° 53.3004',106,53.3004
-713.688,370.25,-643.688,-3.39179,-0.31998,1.08305,0,0,0,,,,0,0,-1,,,,29823,3256.1784,10653.2408,0,N 32° 56.1784',32,56.1784,W 106° 53.2408',106,53.2408
471,312.125,-268.563,-0.28725,-2.19541,2.553,0,0,0,,,,0,-2,5,,,,30155,3256.1698,10653.2102,0,N 32° 56.1698',32,56.1698,W 106° 53.2102',106,53.2102
977.625,128,666.5,-0.965804,-1.17049,2.35222,0,0,0,,,,-1,-1,2,,,,30322,3256.1667,10653.1948,0,N 32° 56.1667',32,56.1667,W 106° 53.1948',106,53.1948
-508.875,-463.313,261.688,1.34294,1.71128,-1.52467,0,0,0,,,,1,-3,7,,,,30453,3256.163,10653.1839,0,N 32° 56.1630',32,56.163,W 106° 53.1839',106,53.1839
213,-670.625,268.813,-0.0737665,0.47533,0.16512,0,0,0,,,,0,-2,0,,,,30584,3256.1616,10653.1726,0,N 32° 56.1616',32,56.1616,W 106° 53.1726',106,53.1726
1141.31,614.375,-112.75,-0.129946,2.05129,6.04397,0,0,0,,,,0,-3,0,,,,30795,3256.1583,10653.1621,0,N 32° 56.1583',32,56.1583,W 106° 53.1621',106,53.1621
1658.63,-285.875,-510.875,0.617489,-1.75623,2.84563,0,0,0,,,,1,-1,2,,,,31230,-211981.68,85555.5492,0,S 21° 1981.68',21,1981.68,W 855° 55.5492',855,55.5492
379.063,-376.813,619.25,0.822667,-0.286273,3.96629,0,0,0,,,,0,-1,0,,,,31494,3256.1559,10653.1394,0,N 32° 56.1559',32,56.1559,W 106° 53.1394',106,53.1394
-2047.94,-98.375,-264.875,2.53933,-1.31998,5.62433,0,0,0,,,,-2,-1,3,,,,32771,-211981.68,85555.5474,0,S 21° 1981.68',21,1981.68,W 855° 55.5474',855,55.5474
288.75,-194.25,87.375,3.0254,-1.10943,-3.53346,0,0,0,,,,0,-1,1,,,,32940,-211981.68,85555.5491,0,S 21° 1981.68',21,1981.68,W 855° 55.5491',855,55.5491
1399.63,-515.125,-597.75,-4.35564,-0.91744,6.76404,0,0,0,,,,0,-1,1,,,,33424,-211981.68,85555.5492,0,S 21° 1981.68',21,1981.68,W 855° 55.5492',855,55.5492
-665.875,-49.0625,-518.188,0.614069,0.814362,-0.359551,0,0,0,,,,0,0,0,,,,33454,-211981.68,85555.5489,0,S 21° 1981.68',21,1981.68,W 855° 55.5489',855,55.5489
-1484.63,26.875,-326.75,3.02296,-0.543234,3.16756,0,0,0,,,,1,-1,-2,,,,33447,-211981.68,85555.549,0,S 21° 1981.68',21,1981.68,W 855° 55.5490',855,55.549
43.375,-207.563,-96.625,-0.194919,-0.922325,0.679531,0,0,0,,,,0,-2,0,,,,34202,-211981.68,85555.5488,0,S 21° 1981.68',21,1981.68,W 855° 55.5488',855,55.5488
1636.25,-241.188,246.25,-2.01075,-3.87347,0.0219834,0,0,0,,,,-1,-1,1,,,,34503,-211981.68,85555.5478,0,S 21° 1981.68',21,1981.68,W 855° 55.5478',855,55.5478
-999.125,434.125,327.5,-3.33561,1.30972,-5.4426,0,0,0,,,,-1,0,0,,,,34866,-211981.68,85555.5479,0,S 21° 1981.68',21,1981.68,W 855° 55.5479',855,55.5479
1776,-412.688,518.25,-0.235955,-2.25745,2.14216,0,0,0,,,,0,0,2,,,,34813,-211981.68,85555.5476,0,S 21° 1981.68',21,1981.68,W 855° 55.5476',855,55.5476
2026.56,-335.875,-169.688,3.18075,-3.4934,2.52174,0,0,0,,,,0,-2,0,,,,35668,-211981.68,85555.549,0,S 21° 1981.68',21,1981.68,W 855° 55.5490',855,55.549
1706.63,210.875,-135.438,2.41085,-3.31705,3.09575,0,0,0,,,,1,-2,0,,,,35871,-211981.68,85555.5489,0,S 21° 1981.68',21,1981.68,W 855° 55.5489',855,55.5489
196,-279.188,-24.3125,2.05423,0.339521,3.27797,0,0,0,,,,1,0,1,,,,36434,-211981.68,85555.5488,0,S 21° 1981.68',21,1981.68,W 855° 55.5488',855,55.5488
-893.688,-311.313,14.25,6.1573,-0.708842,-3.15437,0,0,0,,,,2,0,0,,,,36534,-211981.68,85555.5487,0,S 21° 1981.68',21,1981.68,W 855° 55.5487',855,55.5487
-376.625,144.313,216.5,3.87934,-0.419638,-3.08207,0,0,0,,,,2,0,0,,,,36793,-211981.68,85555.5479,0,S 21° 1981.68',21,1981.68,W 855° 55.5479',855,55.5479
41.3125,-151.313,-375.438,4.4001,0.562286,0.642404,0,0,0,,,,2,-1,-1,,,,36851,-211981.68,85555.5478,0,S 21° 1981.68',21,1981.68,W 855° 55.5478',855,55.5478
54.5625,155.688,-68.1875,4.79482,-0.912066,-0.201759,0,0,0,,,,2,0,0,,,,37308,-211981.68,85555.5477,0,S 21° 1981.68',21,1981.68,W 855° 55.5477',855,55.5477
-20.4375,157.313,-211.75,5.13581,-1.08745,0.433317,0,0,0,,,,2,0,1,,,,37383,-211981.68,85555.5476,0,S 21° 1981.68',21,1981.68,W 855° 55.5476',855,55.5476
-30.6875,27.9375,-197.313,4.49047,-0.315095,0.71617,0,0,0,,,,2,0,1,,,,37617,-211981.68,85555.5478,0,S 21° 1981.68',21,1981.68,W 855° 55.5478',855,55.5478
-6.8125,92.5625,-287.813,4.35711,-0.191988,-0.107474,0,0,0,,,,2,0,0,,,,37765,-211981.68,85555.5479,0,S 21° 1981.68',21,1981.68,W 855° 55.5479',855,55.5479
32.9375,-48.4375,-388.375,4.18613,0.236932,1.07865,0,0,0,,,,2,-1,0,,,,38173,-211981.68,85555.5488,0,S 21° 1981.68',21,1981.68,W 855° 55.5488',855,55.5488
-41.0625,-102,-438.5,3.78945,0.28041,0.607719,0,0,0,,,,1,-1,0,,,,38400,-211981.68,85555.5489,0,S 21° 1981.68',21,1981.68,W 855° 55.5489',855,55.5489
-75.1875,-4.25,-359,3.52809,0.190523,1.39033,0,0,0,,,,2,0,0,,,,38620,-211981.68,85555.549,0,S 21° 1981.68',21,1981.68,W 855° 55.5490',855,55.549
44.875,-98.6875,-279.313,4.00147,0.418661,1.70738,0,0,0,,,,1,-1,0,,,,38872,-211981.68,85555.5491,0,S 21° 1981.68',21,1981.68,W 855° 55.5491',855,55.5491
50.3125,51.625,-272.063,4.69761,-0.28725,1.24768,0,0,0,,,,1,-1,1,,,,39035,3256.0299,10653.0213,0,N 32° 56.0299',32,56.0299,W 106° 53.0213',106,53.0213
-14.5,39.375,-216.813,4.17196,-1.11285,0.789936,0,0,0,,,,2,0,0,,,,39243,3256.0242,10653.0187,0,N 32° 56.0242',32,56.0242,W 106° 53.0187',106,53.0187
2.9375,-126.438,-361.938,3.27357,-0.164631,0.83488,0,0,0,,,,2,-1,0,,,,39488,3256.0205,10653.0153,0,N 32° 56.0205',32,56.0205,W 106° 53.0153',106,53.0153
121.125,4.0625,-334.438,4.31803,-1.29067,1.21446,0,0,0,,,,1,0,0,,,,39626,3256.0175,10653.0136,0,N 32° 56.0175',32,56.0175,W 106° 53.0136',106,53.0136
42.75,138.813,-263.063,3.6468,-1.17196,0.598925,0,0,0,,,,2,0,1,,,,39873,3256.0137,10653.0142,0,N 32° 56.0137',32,56.0137,W 106° 53.0142',106,53.0142
-76.375,-9.8125,-296.063,3.82316,0.154861,1.23156,0,0,0,,,,2,-1,0,,,,40041,3256.0072,10653.015,0,N 32° 56.0072',32,56.0072,W 106° 53.0150',106,53.015
-0.1875,-80.4375,-259.313,4.16023,-0.853444,1.19199,0,0,0,,,,2,0,0,,,,40255,3255.9994,10653.0128,0,N 32° 55.9994',32,55.9994,W 106° 53.0128',106,53.0128
185.313,-9.3125,-344.5,3.67953,-1.20616,1.63556,0,0,0,,,,2,-1,0,,,,40476,3255.9932,10653.0083,0,N 32° 55.9932',32,55.9932,W 106° 53.0083',106,53.0083
126,24.125,-310.25,4.14411,-1.25305,1.67171,0,0,0,,,,2,0,1,,,,40681,3255.9893,10653.0037,0,N 32° 55.9893',32,55.9893,W 106° 53.0037',106,53.0037
-16.4375,6.0625,-291.125,4.319,-0.66683,0.969712,0,0,0,,,,2,0,0,,,,40859,3255.9875,10653.0016,0,N 32° 55.9875',32,55.9875,W 106° 53.0016',106,53.0016
91.625,-68.875,-352.625,3.54861,-0.866634,0.722521,0,0,0,,,,2,-1,0,,,,41065,3255.9847,10653.0023,0,N 32° 55.9847',32,55.9847,W 106° 53.0023',106,53.0023
9.1875,-41.75,-318.188,3.79238,-0.433806,1.30386,0,0,0,,,,2,0,0,,,,41309,3255.9796,10653.0041,0,N 32° 55.9796',32,55.9796,W 106° 53.0041',106,53.0041
-48.3125,-77.9375,-372.5,3.97704,0.724475,0.513434,0,0,0,,,,2,-1,0,,,,41513,3255.972,10653.0037,0,N 32° 55.9720',32,55.972,W 106° 53.0037',106,53.0037
-9.1875,68.5625,-265.875,4.48217,-0.250122,0.600879,0,0,0,,,,1,0,0,,,,41707,3255.9645,10653.0004,0,N 32° 55.9645',32,55.9645,W 106° 53.0004',106,53.0004
-95.875,-32.375,-251.5,4.15828,-0.0591109,0.812897,0,0,0,,,,2,0,0,,,,41913,3255.9595,10652.9955,0,N 32° 55.9595',32,55.9595,W 106° 52.9955',106,52.9955
-47.5625,-105.438,-338.688,3.681,0.189546,1.53639,0,0,0,,,,2,-1,0,,,,42156,3255.9572,10652.9926,0,N 32° 55.9572',32,55.9572,W 106° 52.9926',106,52.9926
14.6875,-11.8125,-314.75,3.76942,-0.037616,1.67807,0,0,0,,,,2,0,0,,,,42335,3255.9548,10652.9931,0,N 32° 55.9548',32,55.9548,W 106° 52.9931',106,52.9931
115.063,52.0625,-314.563,3.88422,-1.26136,1.29409,0,0,0,,,,2,0,0,,,,42550,3255.9501,10652.9953,0,N 32° 55.9501',32,55.9501,W 106° 52.9953',106,52.9953
-82.3125,37.25,-336.688,3.82462,-0.560821,0.512946,0,0,0,,,,2,0,0,,,,42785,3255.943,10652.9966,0,N 32° 55.9430',32,55.943,W 106° 52.9966',106,52.9966
53.5,-54.875,-260.313,3.77284,0.275037,1.24377,0,0,0,,,,1,0,0,,,,42990,3255.9351,10652.9954,0,N 32° 55.9351',32,55.9351,W 106° 52.9954',106,52.9954
78.3125,21.6875,-215.75,4.1534,-0.918906,0.93405,0,0,0,,,,1,0,0,,,,43185,3255.9289,10652.9916,0,N 32° 55.9289',32,55.9289,W 106° 52.9916',106,52.9916
9.5,78.5625,-297.438,4.37176,-0.346849,0.753786,0,0,0,,,,2,0,0,,,,43365,3255.9258,10652.9879,0,N 32° 55.9258',32,55.9258,W 106° 52.9879',106,52.9879
-72.25,-9.8125,-275.313,3.7787,0.226673,1.25012,0,0,0,,,,2,0,0,,,,43596,3255.9241,10652.9876,0,N 32° 55.9241',32,55.9241,W 106° 52.9876',106,52.9876
-25.5,-56.9375,-279.438,3.98046,-1.08403,1.42452,0,0,0,,,,2,0,0,,,,43804,3255.9206,10652.9902,0,N 32° 55.9206',32,55.9206,W 106° 52.9902',106,52.9902
99.5,-88.25,-347.375,3.72301,-0.0937958,0.85149,0,0,0,,,,2,0,0,,,,43994,3255.9143,10652.9922,0,N 32° 55.9143',32,55.9143,W 106° 52.9922',106,52.9922
-9.5,0.5625,-280.563,4.27601,0.0595994,0.810454,0,0,0,,,,1,0,0,,,,44220,3255.9066,10652.9914,0,N 32° 55.9066',32,55.9066,W 106° 52.9914',106,52.9914
-33.4375,-1,-302.188,3.89595,-0.149976,1.26624,0,0,0,,,,2,0,0,,,,44477,3255.9003,10652.9876,0,N 32° 55.9003',32,55.9003,W 106° 52.9876',106,52.9876
-18.625,-5.4375,-299.188,4.18417,0.0405471,1.13923,0,0,0,,,,1,0,1,,,,44704,3255.8966,10652.9838,0,N 32° 55.8966',32,55.8966,W 106° 52.9838',106,52.9838
4.0625,-8.875,-271.813,3.5789,0.00879336,1.16805,0,0,0,,,,1,-1,1,,,,44938,3255.8949,10652.982,0,N 32° 55.8949',32,55.8949,W 106° 52.9820',106,52.982
57.1875,-2,-331.125,3.76991,-0.0527601,0.857841,0,0,0,,,,2,0,0,,,,45093,3255.8929,10652.9835,0,N 32° 55.8929',32,55.8929,W 106° 52.9835',106,52.9835
27.8125,43.5625,-304.875,3.76307,-0.307767,0.94724,0,0,0,,,,2,0,0,,,,45275,3255.8883,10652.9865,0,N 32° 55.8883',32,55.8883,W 106° 52.9865',106,52.9865
-74.9375,-7.8125,-372,3.81778,-0.618466,1.84025,0,0,0,,,,2,0,0,,,,45497,3255.8812,10652.9882,0,N 32° 55.8812',32,55.8812,W 106° 52.9882',106,52.9882
13.375,-39.8125,-262.875,3.86273,0.00586224,1.41182,0,0,0,,,,2,-1,0,,,,45799,3255.8742,10652.9858,0,N 32° 55.8742',32,55.8742,W 106° 52.9858',106,52.9858
91.8125,-4.75,-276.438,4.4255,-0.240352,1.42013,0,0,0,,,,1,0,0,,,,45953,3255.8703,10652.9824,0,N 32° 55.8703',32,55.8703,W 106° 52.9824',106,52.9824
24.5,146.063,-279.375,3.93698,-0.906693,0.786028,0,0,0,,,,2,0,0,,,,46185,3255.8685,10652.9816,0,N 32° 55.8685',32,55.8685,W 106° 52.9816',106,52.9816
-91.375,-7.75,-189.875,3.9106,-1.01856,0.980948,0,0,0,,,,2,0,0,,,,46442,3255.8661,10652.9843,0,N 32° 55.8661',32,55.8661,W 106° 52.9843',106,52.9843
35.5625,-112.75,-254.375,4.4382,-0.409868,1.24768,0,0,0,,,,2,0,0,,,,46636,3255.8604,10652.988,0,N 32° 55.8604',32,55.8604,W 106° 52.9880',106,52.988
135,75.3125,-275.813,4.14167,-1.16707,0.797264,0,0,0,,,,2,0,1,,,,46860,3255.8528,10652.9891,0,N 32° 55.8528',32,55.8528,W 106° 52.9891',106,52.9891
43.625,46,-300.25,3.99658,-1.42648,1.27113,0,0,0,,,,2,0,1,,,,47090,3255.8458,10652.9869,0,N 32° 55.8458',32,55.8458,W 106° 52.9869',106,52.9869
-62.375,-43.4375,-287.5,3.82804,-0.316072,0.82511,0,0,0,,,,2,-1,0,,,,47304,3255.8417,10652.9841,0,N 32° 55.8417',32,55.8417,W 106° 52.9841',106,52.9841
-9.625,-68.9375,-268,3.82706,0.513434,0.770396,0,0,0,,,,2,0,1,,,,47534,3255.8401,10652.9835,0,N 32° 55.8401',32,55.8401,W 106° 52.9835',106,52.9835
59.9375,-68.25,-266.125,4.3874,-0.3234,1.11578,0,0,0,,,,1,0,0,,,,47733,3255.8377,10652.9866,0,N 32° 55.8377',32,55.8377,W 106° 52.9866',106,52.9866
12.9375,54.75,-301.188,4.38544,-0.192965,1.32242,0,0,0,,,,2,0,0,,,,47961,3255.8322,10652.9904,0,N 32° 55.8322',32,55.8322,W 106° 52.9904',106,52.9904
-75.625,12.5,-252.063,4.04739,-0.331216,1.34001,0,0,0,,,,2,0,0,,,,48225,3255.8246,10652.9914,0,N 32° 55.8246',32,55.8246,W 106° 52.9914',106,52.9914
30.5625,-36.4375,-281.938,4.29849,-1.10992,1.32047,0,0,0,,,,2,0,1,,,,48432,3255.8184,10652.9887,0,N 32° 55.8184',32,55.8184,W 106° 52.9887',106,52.9887
49.375,1.3125,-343,4.36444,-0.504152,0.786028,0,0,0,,,,2,0,1,,,,48647,3255.8153,10652.9856,0,N 32° 55.8153',32,55.8153,W 106° 52.9856',106,52.9856
25.125,24,-304.25,4.09331,-0.673669,0.96043,0,0,0,,,,1,0,1,,,,48885,3255.8137,10652.9853,0,N 32° 55.8137',32,55.8137,W 106° 52.9853',106,52.9853
-32,-7.125,-363.813,3.75476,-0.8383,1.63166,0,0,0,,,,2,0,0,,,,49132,3255.8111,10652.9886,0,N 32° 55.8111',32,55.8111,W 106° 52.9886',106,52.9886
-39.625,-35.1875,-274.125,3.56766,0.0693698,0.754763,0,0,0,,,,2,0,0,,,,49380,3255.8054,10652.9918,0,N 32° 55.8054',32,55.8054,W 106° 52.9918',106,52.9918
34.75,-112.375,-331.313,3.86273,-0.29702,1.08793,0,0,0,,,,2,0,0,,,,49572,3255.7979,10652.9926,0,N 32° 55.7979',32,55.7979,W 106° 52.9926',106,52.9926
65.1875,28.75,-242.688,4.92281,-0.582316,1.10308,0,0,0,,,,1,-1,0,,,,49814,3255.792,10652.9897,0,N 32° 55.7920',32,55.792,W 106° 52.9897',106,52.9897
5.25,37.5625,-314,4.19687,-1.0342,0.67318,0,0,0,,,,2,0,1,,,,50025,3255.7892,10652.9873,0,N 32° 55.7892',32,55.7892,W 106° 52.9873',106,52.9873
-68.75,39.375,-291.188,3.72643,-0.740107,1.4807,0,0,0,,,,2,0,0,,,,50286,3255.7881,10652.9878,0,N 32° 55.7881',32,55.7881,W 106° 52.9878',106,52.9878
-38.8125,-80.125,-326.938,3.60137,0.27406,1.06448,0,0,0,,,,2,0,0,,,,50521,3255.7858,10652.9917,0,N 32° 55.7858',32,55.7858,W 106° 52.9917',106,52.9917
41.375,-85.3125,-235.25,4.12213,0.440645,0.954568,0,0,0,,,,2,-1,0,,,,50746,3255.7804,10652.9962,0,N 32° 55.7804',32,55.7804,W 106° 52.9962',106,52.9962
52.6875,-42.5,-348.563,4.58036,0.100635,0.303371,0,0,0,,,,2,0,1,,,,50974,3255.7733,10652.9976,0,N 32° 55.7733',32,55.7733,W 106° 52.9976',106,52.9976
41.9375,-16.5,-319.188,3.40498,0.376649,1.71959,0,0,0,,,,1,0,0,,,,51222,3255.768,10652.9962,0,N 32° 55.7680',32,55.768,W 106° 52.9962',106,52.9962
23.8125,-33,-284.063,4.29751,-0.581339,1.70054,0,0,0,,,,2,0,0,,,,51420,3255.7659,10652.9949,0,N 32° 55.7659',32,55.7659,W 106° 52.9949',106,52.9949
114.25,-54.6875,-373.5,4.20957,-0.832926,1.78456,0,0,0,,,,2,0,0,,,,51652,3255.765,10652.9974,0,N 32° 55.7650',32,55.765,W 106° 52.9974',106,52.9974
-23.1875,36.625,-325.375,4.08842,-0.494382,1.25208,0,0,0,,,,2,-1,0,,,,51914,3255.7624,10653.0027,0,N 32° 55.7624',32,55.7624,W 106° 53.0027',106,53.0027
-32.375,-32.0625,-250.625,3.87982,-0.262335,0.731803,0,0,0,,,,2,-1,0,,,,52136,3255.7566,10653.0077,0,N 32° 55.7566',32,55.7566,W 106° 53.0077',106,53.0077
25.6875,-112.75,-307.938,4.1148,-0.30044,1.04983,0,0,0,,,,2,0,0,,,,52361,3255.7496,10653.0088,0,N 32° 55.7496',32,55.7496,W 106° 53.0088',106,53.0088
35.5625,-15.75,-331.188,4.20664,0.315095,1.26282,0,0,0,,,,2,-1,0,,,,52579,3255.7447,10653.0075,0,N 32° 55.7447',32,55.7447,W 106° 53.0075',106,53.0075
195,29,-321.5,3.60625,-1.31607,0.917929,0,0,0,,,,1,0,0,,,,52861,3255.7425,10653.007,0,N 32° 55.7425',32,55.7425,W 106° 53.0070',106,53.007
-153.438,-48.5625,-394.5,3.43918,-0.062042,1.6893,0,0,0,,,,2,0,1,,,,53056,3255.7414,10653.0096,0,N 32° 55.7414',32,55.7414,W 106° 53.0096',106,53.0096
152.25,28,-217.875,4.2296,-0.535418,1.52711,0,0,0,,,,2,0,1,,,,53285,3255.7386,10653.0151,0,N 32° 55.7386',32,55.7386,W 106° 53.0151',106,53.0151
-99.6875,243.438,-24,4.64045,-0.914021,-0.0898876,0,0,0,,,,1,0,1,,,,53582,3255.733,10653.0202,0,N 32° 55.7330',32,55.733,W 106° 53.0202',106,53.0202
54.9375,-1,-344.938,3.72838,-1.30239,1.00684,0,0,0,,,,2,-1,0,,,,53813,3255.7263,10653.0214,0,N 32° 55.7263',32,55.7263,W 106° 53.0214',106,53.0214
19.6875,-35.6875,-355.063,3.59746,-0.437225,0.848559,0,0,0,,,,2,-1,0,,,,54056,3255.7223,10653.0202,0,N 32° 55.7223',32,55.7223,W 106° 53.0202',106,53.0202
82.25,-4.75,-290.688,4.69126,-1.05032,1.06009,0,0,0,,,,1,-1,0,,,,54230,3255.7215,10653.0205,0,N 32° 55.7215',32,55.7215,W 106° 53.0205',106,53.0205
370.25,90.6875,-299.313,3.74206,-1.51295,1.39814,0,0,0,,,,2,0,0,,,,54488,3255.7204,10653.0249,0,N 32° 55.7204',32,55.7204,W 106° 53.0249',106,53.0249
213.75,10.625,-378.375,3.88471,-1.22912,1.14216,0,0,0,,,,2,0,0,,,,54729,3255.7165,10653.0306,0,N 32° 55.7165',32,55.7165,W 106° 53.0306',106,53.0306
5.875,19.5625,-320.125,3.95506,-0.578407,1.01856,0,0,0,,,,1,-1,1,,,,54984,3255.71,10653.0339,0,N 32° 55.7100',32,55.71,W 106° 53.0339',106,53.0339
45.875,0,-339.313,4.14802,-0.113825,0.316072,0,0,0,,,,2,0,0,,,,55216,3255.7042,10653.0336,0,N 32° 55.7042',32,55.7042,W 106° 53.0336',106,53.0336
47.1875,-7.5625,-303.5,3.68344,-0.0473864,0.75574,0,0,0,,,,2,-1,0,,,,55421,3255.7018,10653.0321,0,N 32° 55.7018',32,55.7018,W 106° 53.0321',106,53.0321
-29.4375,-34.0625,-339.75,3.99218,0.242794,0.897899,0,0,0,,,,1,0,0,,,,55709,3255.7012,10653.0337,0,N 32° 55.7012',32,55.7012,W 106° 53.0337',106,53.0337
254.75,-104.75,-413.438,3.75427,-1.23302,1.55691,0,0,0,,,,2,0,0,,,,55975,3255.6995,10653.0386,0,N 32° 55.6995',32,55.6995,W 106° 53.0386',106,53.0386
-50.1875,36.0625,-229.125,4.21886,-0.706888,1.15779,0,0,0,,,,1,0,1,,,,56200,3255.6946,10653.0435,0,N 32° 55.6946',32,55.6946,W 106° 53.0435',106,53.0435
148.938,-27.125,-376.25,3.93307,-1.23986,1.40156,0,0,0,,,,2,-1,0,,,,56457,3255.6881,10653.045,0,N 32° 55.6881',32,55.6881,W 106° 53.0450',106,53.045
-14.6875,-3.5,-293.625,4.13434,0.0771861,1.25256,0,0,0,,,,2,-1,0,,,,56680,3255.6837,10653.0431,0,N 32° 55.6837',32,55.6837,W 106° 53.0431',106,53.0431
-38.9375,24.1875,-258,4.17929,0.413288,1.19199,0,0,0,,,,2,-1,0,,,,56918,3255.6825,10653.0425,0,N 32° 55.6825',32,55.6825,W 106° 53.0425',106,53.0425
33.5625,42.125,-281.813,4.38251,-0.607719,0.626282,0,0,0,,,,2,0,1,,,,57145,3255.6822,10653.0456,0,N 32° 55.6822',32,55.6822,W 106° 53.0456',106,53.0456
116.625,51.1875,-271.313,4.31754,-1.35271,0.378603,0,0,0,,,,2,-1,0,,,,57378,3255.6791,10653.0506,0,N 32° 55.6791',32,55.6791,W 106° 53.0506',106,53.0506
-31,24.9375,-358,3.7406,0.135809,1.29409,0,0,0,,,,2,0,0,,,,57673,3255.6731,10653.0538,0,N 32° 55.6731',32,55.6731,W 106° 53.0538',106,53.0538
-10.6875,-7.0625,-357.188,4.59306,-0.625305,1.63166,0,0,0,,,,2,-1,0,,,,57847,3255.667,10653.0528,0,N 32° 55.6670',32,55.667,W 106° 53.0528',106,53.0528
23.4375,36.6875,-322,3.81729,-0.780655,1.17929,0,0,0,,,,2,0,1,,,,58161,3255.6639,10653.0504,0,N 32° 55.6639',32,55.6639,W 106° 53.0504',106,53.0504
14.6875,-16.5625,-217.188,4.21788,-0.544211,0.799707,0,0,0,,,,2,-1,1,,,,58432,3255.6632,10653.05,0,N 32° 55.6632',32,55.6632,W 106° 53.0500',106,53.05
49.75,-52.8125,-366.813,3.98437,-0.062042,1.09331,0,0,0,,,,1,0,0,,,,58661,3255.6616,10653.0531,0,N 32° 55.6616',32,55.6616,W 106° 53.0531',106,53.0531
64.1875,30.4375,-346.313,4.27015,-0.589155,1.54763,0,0,0,,,,2,0,0,,,,58873,3255.6575,10653.0576,0,N 32° 55.6575',32,55.6575,W 106° 53.0576',106,53.0576
88.375,51.0625,-306.563,4.11285,-0.86468,0.855398,0,0,0,,,,1,0,0,,,,59164,3255.6508,10653.06,0,N 32° 55.6508',32,55.6508,W 106° 53.0600',106,53.06
138.125,138.063,-270.938,3.62726,-1.48754,1.23693,0,0,0,,,,2,0,0,,,,59383,3255.6439,10653.0589,0,N 32° 55.6439',32,55.6439,W 106° 53.0589',106,53.0589
-83.4375,62.6875,-230.625,4.03127,-0.155349,0.596483,0,0,0,,,,2,-1,0,,,,59554,3255.6395,10653.056,0,N 32° 55.6395',32,55.6395,W 106° 53.0560',106,53.056
77.75,-165.688,-372.813,3.6722,-0.662921,1.39912,0,0,0,,,,2,0,0,,,,59844,3255.6378,10653.0554,0,N 32° 55.6378',32,55.6378,W 106° 53.0554',106,53.0554
43,33.125,-336.438,3.92672,-0.425989,1.57596,0,0,0,,,,1,-1,0,,,,60067,3255.6353,10653.0583,0,N 32° 55.6353',32,55.6353,W 106° 53.0583',106,53.0583
40.6875,20.875,-273.938,5.28969,0.0151441,0.968246,0,0,0,,,,2,0,0,,,,60305,3255.6294,10653.0623,0,N 32° 55.6294',32,55.6294,W 106° 53.0623',106,53.0623
73.625,56.625,-312.188,4.10796,-0.411822,0.685882,0,0,0,,,,2,0,1,,,,60620,3255.6217,10653.0626,0,N 32° 55.6217',32,55.6217,W 106° 53.0626',106,53.0626
-43.0625,44.25,-252.625,4.55691,-0.31021,0.588666,0,0,0,,,,2,-1,1,,,,60890,3255.6158,10653.0593,0,N 32° 55.6158',32,55.6158,W 106° 53.0593',106,53.0593
-26.6875,5.4375,-266.313,3.7914,-0.530044,1.19345,0,0,0,,,,1,0,0,,,,61068,3255.6126,10653.0566,0,N 32° 55.6126',32,55.6126,W 106° 53.0566',106,53.0566
-25.3125,33.6875,-268.375,4.27504,-0.14851,0.761114,0,0,0,,,,2,-1,0,,,,61353,3255.611,10653.0562,0,N 32° 55.6110',32,55.611,W 106° 53.0562',106,53.0562
44.5,120.75,-175,4.14265,-0.978017,0.618955,0,0,0,,,,2,-1,0,,,,61580,3255.6086,10653.0584,0,N 32° 55.6086',32,55.6086,W 106° 53.0584',106,53.0584
13.4375,23.5,-270.063,3.93356,-0.314607,0.720078,0,0,0,,,,2,-1,0,,,,61802,3255.604,10653.0623,0,N 32° 55.6040',32,55.604,W 106° 53.0623',106,53.0623
-7.9375,16.4375,-309.938,4.1661,-0.278456,0.812408,0,0,0,,,,1,0,0,,,,62100,3255.5971,10653.064,0,N 32° 55.5971',32,55.5971,W 106° 53.0640',106,53.064
197.5,-25.25,-380.688,3.66341,-1.21446,1.06693,0,0,0,,,,1,0,0,,,,62340,3255.5906,10653.0621,0,N 32° 55.5906',32,55.5906,W 106° 53.0621',106,53.0621
-21.4375,36.1875,-353.125,3.73669,-0.17489,1.65364,0,0,0,,,,2,0,0,,,,62566,3255.5871,10653.059,0,N 32° 55.5871',32,55.5871,W 106° 53.0590',106,53.059
-15.875,48.9375,-325.813,4.04787,-0.690767,1.65804,0,0,0,,,,2,0,0,,,,62764,3255.5859,10653.0587,0,N 32° 55.5859',32,55.5859,W 106° 53.0587',106,53.0587
-23.125,73.4375,-289.75,4.08598,-0.950171,0.774792,0,0,0,,,,2,0,0,,,,63049,3255.5837,10653.0615,0,N 32° 55.5837',32,55.5837,W 106° 53.0615',106,53.0615
11.4375,-61.25,-280.438,4.06302,-0.271617,0.839766,0,0,0,,,,1,-1,1,,,,63529,3255.5714,10653.0659,0,N 32° 55.5714',32,55.5714,W 106° 53.0659',106,53.0659
39.4375,-49.1875,-217.375,4.40352,-0.411334,1.2384,0,0,0,,,,1,0,0,,,,63777,3255.565,10653.0627,0,N 32° 55.5650',32,55.565,W 106° 53.0627',106,53.0627
81.1875,-60.125,-272.688,4.42843,0.199805,1.51783,0,0,0,,,,1,0,0,,,,64013,3255.5624,10653.059,0,N 32° 55.5624',32,55.5624,W 106° 53.0590',106,53.059
110.313,150.563,-281.875,4.56961,-1.01466,0.857352,0,0,0,,,,1,0,1,,,,64325,3255.5611,10653.0588,0,N 32° 55.5611',32,55.5611,W 106° 53.0588',106,53.0588
-11.5625,137.25,-264.5,3.88129,-1.03517,0.129946,0,0,0,,,,2,0,0,,,,64550,3255.5578,10653.0611,0,N 32° 55.5578',32,55.5578,W 106° 53.0611',106,53.0611
-86.125,-87.1875,-282,3.86077,-0.158769,0.992184,0,0,0,,,,2,-1,0,,,,64905,3255.5519,10653.0633,0,N 32° 55.5519',32,55.5519,W 106° 53.0633',106,53.0633
74.0625,-105.625,-318.25,4.42941,-0.0654617,1.52516,0,0,0,,,,1,0,0,,,,65052,3255.5447,10653.0626,0,N 32° 55.5447',32,55.5447,W 106° 53.0626',106,53.0626
-11.25,146.375,-228.688,4.07426,-1.37811,0.763068,0,0,0,,,,2,0,0,,,,65324,3255.5387,10653.0585,0,N 32° 55.5387',32,55.5387,W 106° 53.0585',106,53.0585
-40.9375,40.1875,-239.375,3.74841,-1.22618,1.17,0,0,0,,,,2,-1,0,,,,65581,3255.5352,10653.0539,0,N 32° 55.5352',32,55.5352,W 106° 53.0539',106,53.0539
-27.875,-90.375,-337.375,3.71617,-0.0229604,0.832438,0,0,0,,,,2,0,0,,,,65820,3255.5339,10653.0511,0,N 32° 55.5339',32,55.5339,W 106° 53.0511',106,53.0511
82.4375,-47.8125,-293.438,4.1744,0.0625305,0.90767,0,0,0,,,,2,0,0,,,,66015,3255.5326,10653.0514,0,N 32° 55.5326',32,55.5326,W 106° 53.0514',106,53.0514
62.9375,-5.0625,-340.875,4.14802,0.134343,0.694187,0,0,0,,,,1,0,0,,,,66272,3255.5289,10653.0534,0,N 32° 55.5289',32,55.5289,W 106° 53.0534',106,53.0534
51.4375,102.125,-289.875,3.86859,-1.04348,0.824133,0,0,0,,,,2,0,0,,,,66577,3255.523,10653.0542,0,N 32° 55.5230',32,55.523,W 106° 53.0542',106,53.0542
14.1875,135.063,-259.563,3.76551,-0.979482,0.549096,0,0,0,,,,2,0,0,,,,66770,3255.5167,10653.0523,0,N 32° 55.5167',32,55.5167,W 106° 53.0523',106,53.0523
-28.3125,56.875,-255.75,3.7064,-0.662921,0.779678,0,0,0,,,,2,-1,0,,,,67083,3255.5116,10653.0479,0,N 32° 55.5116',32,55.5116,W 106° 53.0479',106,53.0479
-24.0625,-93.9375,-340.375,3.43967,0.0664387,1.01954,0,0,0,,,,1,-1,0,,,,67247,3255.5091,10653.0432,0,N 32° 55.5091',32,55.5091,W 106° 53.0432',106,53.0432
83.0625,30.625,-243.875,3.99853,-0.531021,1.53298,0,0,0,,,,1,0,0,,,,67490,3255.5088,10653.0411,0,N 32° 55.5088',32,55.5088,W 106° 53.0411',106,53.0411
-21.25,141.125,-302.438,3.67074,-0.632633,1.21055,0,0,0,,,,2,0,1,,,,67743,3255.5074,10653.0425,0,N 32° 55.5074',32,55.5074,W 106° 53.0425',106,53.0425
17.75,15.5625,-291.813,3.64387,-0.902785,1.18173,0,0,0,,,,1,0,0,,,,68023,3255.5027,10653.0438,0,N 32° 55.5027',32,55.5027,W 106° 53.0438',106,53.0438
46.625,-53.3125,-273.875,4.30239,-0.502687,1.61309,0,0,0,,,,1,0,0,,,,68191,3255.497,10653.0416,0,N 32° 55.4970',32,55.497,W 106° 53.0416',106,53.0416
76.8125,65.125,-327.125,4.14802,-1.10454,0.969223,0,0,0,,,,2,0,1,,,,68514,3255.4935,10653.0365,0,N 32° 55.4935',32,55.4935,W 106° 53.0365',106,53.0365
71.125,45.75,-365.125,4.17831,-0.404494,1.04739,0,0,0,,,,2,0,0,,,,68774,3255.4928,10653.0325,0,N 32° 55.4928',32,55.4928,W 106° 53.0325',106,53.0325
-25.875,113.625,-279.625,3.83781,-0.576942,0.750366,0,0,0,,,,2,0,0,,,,69046,3255.4932,10653.0317,0,N 32° 55.4932',32,55.4932,W 106° 53.0317',106,53.0317
-97.125,-62.5625,-393.875,3.74841,-0.380068,1.09526,0,0,0,,,,2,0,0,,,,69263,3255.4916,10653.0331,0,N 32° 55.4916',32,55.4916,W 106° 53.0331',106,53.0331
-14.0625,34.0625,-208.438,4.07767,0.0337079,1.21006,0,0,0,,,,2,-1,0,,,,69565,3255.4873,10653.034,0,N 32° 55.4873',32,55.4873,W 106° 53.0340',106,53.034
165.563,208.125,-35.0625,3.915,-1.36834,-0.986321,0,0,0,,,,2,0,0,,,,69868,3255.4815,10653.0319,0,N 32° 55.4815',32,55.4815,W 106° 53.0319',106,53.0319
56.8125,-49.5625,-344.813,3.78994,-0.115779,0.92086,0,0,0,,,,1,-1,0,,,,70020,3255.4768,10653.0269,0,N 32° 55.4768',32,55.4768,W 106° 53.0269',106,53.0269
75,91.375,-283.875,4.21837,-0.52467,1.34587,0,0,0,,,,2,-1,0,,,,70291,3255.4745,10653.0207,0,N 32° 55.4745',32,55.4745,W 106° 53.0207',106,53.0207
-53.8125,123.813,-262.438,4.04836,-0.679531,0.653639,0,0,0,,,,2,0,0,,,,70523,3255.4743,10653.0161,0,N 32° 55.4743',32,55.4743,W 106° 53.0161',106,53.0161
73.0625,-48.625,-291.813,4.18368,-1.37225,0.781143,0,0,0,,,,2,0,0,,,,70802,3255.4744,10653.0147,0,N 32° 55.4744',32,55.4744,W 106° 53.0147',106,53.0147
5.8125,31.6875,-359.188,3.93356,-0.207132,1.3874,0,0,0,,,,1,-1,0,,,,71017,3255.4728,10653.0152,0,N 32° 55.4728',32,55.4728,W 106° 53.0152',106,53.0152
128.5,2.8125,-279,4.56424,-0.795799,1.80655,0,0,0,,,,1,0,1,,,,71298,3255.4687,10653.0148,0,N 32° 55.4687',32,55.4687,W 106° 53.0148',106,53.0148
78.625,85.25,-297.438,3.79824,-0.219834,0.989741,0,0,0,,,,2,0,0,,,,71580,3255.464,10653.0114,0,N 32° 55.4640',32,55.464,W 106° 53.0114',106,53.0114
46.8125,67.1875,-321.438,3.6087,-1.00195,1.1065,0,0,0,,,,1,0,0,,,,71807,3255.4611,10653.0059,0,N 32° 55.4611',32,55.4611,W 106° 53.0059',106,53.0059
-45.3125,5.9375,-291.313,4.40498,0.0425012,1.18026,0,0,0,,,,1,-1,0,,,,71994,3255.4613,10653.0006,0,N 32° 55.4613',32,55.4613,W 106° 53.0006',106,53.0006
29.0625,35.3125,-307.125,3.98095,-0.713727,0.921837,0,0,0,,,,2,-1,0,,,,72273,3255.4629,10652.9982,0,N 32° 55.4629',32,55.4629,W 106° 52.9982',106,52.9982
-21,7.5,-302.938,4.1871,0.175379,0.707377,0,0,0,,,,2,-1,0,,,,72516,3255.4639,10652.999,0,N 32° 55.4639',32,55.4639,W 106° 52.9990',106,52.999
60.875,-30.75,-263.688,4.38593,-0.65999,1.06986,0,0,0,,,,1,0,0,,,,72795,3255.4628,10653.0005,0,N 32° 55.4628',32,55.4628,W 106° 53.0005',106,53.0005
120.438,91.8125,-342.188,3.89399,-1.06253,1.2257,0,0,0,,,,2,-1,0,,,,73060,3255.4598,10653.0002,0,N 32° 55.4598',32,55.4598,W 106° 53.0002',106,53.0002
-8.125,102.438,-337.188,3.45725,-0.238886,1.09428,0,0,0,,,,1,-1,1,,,,73313,3255.4572,10652.997,0,N 32° 55.4572',32,55.4572,W 106° 52.9970',106,52.997
-58.8125,46.625,-286.375,3.69272,-0.21788,0.830972,0,0,0,,,,2,0,0,,,,73553,3255.4568,10652.992,0,N 32° 55.4568',32,55.4568,W 106° 52.9920',106,52.992
-66.6875,15.3125,-250.063,3.89839,-0.18466,0.941378,0,0,0,,,,1,0,0,,,,73823,3255.4591,10652.9875,0,N 32° 55.4591',32,55.4591,W 106° 52.9875',106,52.9875
-26.5625,-8.3125,-318.438,3.67074,-0.55447,0.982413,0,0,0,,,,2,0,0,,,,74064,3255.4626,10652.9856,0,N 32° 55.4626',32,55.4626,W 106° 52.9856',106,52.9856
13.5,5.375,-311.25,3.59746,-0.487543,1.0938,0,0,0,,,,2,-1,0,,,,74302,3255.4652,10652.9861,0,N 32° 55.4652',32,55.4652,W 106° 52.9861',106,52.9861
79.75,6.375,-276.125,3.82658,-0.587201,1.25403,0,0,0,,,,1,-1,0,,,,74775,3255.4645,10652.9845,0,N 32° 55.4645',32,55.4645,W 106° 52.9845',106,52.9845
45,72.5,-309.5,3.73766,-1.16463,1.05569,0,0,0,,,,2,0,0,,,,75071,3255.4647,10652.9792,0,N 32° 55.4647',32,55.4647,W 106° 52.9792',106,52.9792
-41.5625,74.9375,-323.563,3.87201,-0.492916,1.39326,0,0,0,,,,1,0,0,,,,75334,3255.4676,10652.9732,0,N 32° 55.4676',32,55.4676,W 106° 52.9732',106,52.9732
-13.0625,89.75,-360.25,3.6297,-0.781143,1.2384,0,0,0,,,,2,0,1,,,,75606,3255.4728,10652.9692,0,N 32° 55.4728',32,55.4728,W 106° 52.9692',106,52.9692
-62.4375,45.25,-346.375,3.82658,-0.215437,1.23596,0,0,0,,,,1,-1,0,,,,75836,3255.4778,10652.9683,0,N 32° 55.4778',32,55.4778,W 106° 52.9683',106,52.9683
97.0625,-4.8125,-254.188,4.36248,-1.38105,1.17684,0,0,0,,,,2,0,0,,,,76348,3255.4812,10652.9683,0,N 32° 55.4812',32,55.4812,W 106° 52.9683',106,52.9683
144.375,45,-379.5,3.77479,-1.16854,0.49829,0,0,0,,,,2,0,0,,,,76582,3255.4813,10652.9648,0,N 32° 55.4813',32,55.4813,W 106° 52.9648',106,52.9648
71,87.0625,-67.375,3.88764,-0.691255,-0.348803,0,0,0,,,,1,0,0,,,,76911,3255.4832,10652.959,0,N 32° 55.4832',32,55.4832,W 106° 52.9590',106,52.959
-49.0625,-105.813,-308.75,3.80068,0.311187,1.62726,0,0,0,,,,1,0,0,,,,77145,3255.4881,10652.9539,0,N 32° 55.4881',32,55.4881,W 106° 52.9539',106,52.9539
59.5,94.8125,-290.313,3.78505,-0.602345,0.753786,0,0,0,,,,1,-1,1,,,,77329,3255.494,10652.952,0,N 32° 55.4940',32,55.494,W 106° 52.9520',106,52.952
-7.3125,114.25,-283.25,3.76795,-0.741085,1.19199,0,0,0,,,,2,0,0,,,,77648,3255.4985,10652.9525,0,N 32° 55.4985',32,55.4985,W 106° 52.9525',106,52.9525
-41.5,41.8125,-366.5,3.49292,-0.725452,1.12115,0,0,0,,,,2,-1,0,,,,77882,3255.5003,10652.953,0,N 32° 55.5003',32,55.5003,W 106° 52.9530',106,52.953
7.625,-24.25,-313,4.48168,-0.980948,1.6043,0,0,0,,,,2,0,0,,,,78094,3255.5004,10652.9502,0,N 32° 55.5004',32,55.5004,W 106° 52.9502',106,52.9502
106.75,-18.3125,-327.063,3.89448,0.246214,0.830484,0,0,0,,,,1,0,0,,,,78407,3255.5021,10652.9447,0,N 32° 55.5021',32,55.5021,W 106° 52.9447',106,52.9447
9.75,-56.3125,-380.875,3.92819,-0.451392,0.903762,0,0,0,,,,1,0,0,,,,78696,3255.5066,10652.9396,0,N 32° 55.5066',32,55.5066,W 106° 52.9396',106,52.9396
-69.375,-45.6875,-316.563,2.77968,-0.374206,2.14118,0,0,0,,,,2,-1,0,,,,78986,3255.5122,10652.9382,0,N 32° 55.5122',32,55.5122,W 106° 52.9382',106,52.9382
-1312.38,-144.75,-548.938,-0.0249145,-0.516365,0.357596,0,0,0,,,,0,-1,0,,,,79353,3255.5147,10652.9352,0,N 32° 55.5147',32,55.5147,W 106° 52.9352',106,52.9352
1066.94,281.438,17.75,1.57206,-1.77626,3.57352,0,0,0,,,,0,-5,-1,,,,79660,3255.5168,10652.9374,0,N 32° 55.5168',32,55.5168,W 106° 52.9374',106,52.9374
312.75,-377.313,-197.563,-0.78554,-0.703957,1.07279,0,0,0,,,,0,-2,0,,,,79885,-211981.68,85555.5487,0,S 21° 1981.68',21,1981.68,W 855° 55.5487',855,55.5487
903.125,96,5.1875,0.199316,-0.361993,-1.25452,0,0,0,,,,11,-1,-21,,,,79923,3255.5209,10652.9368,0,N 32° 55.5209',32,55.5209,W 106° 52.9368',106,52.9368
558.75,108.75,68.6875,0.345383,0.312164,0.0635076,0,0,0,,,,0,0,0,,,,79961,3255.5227,10652.938,0,N 32° 55.5227',32,55.5227,W 106° 52.9380',106,52.938
-89.625,-167.438,-42,1.15193,-0.50171,-0.875916,0,0,0,,,,0,0,0,,,,80033,3255.5282,10652.94,0,N 32° 55.5282',32,55.5282,W 106° 52.9400',106,52.94
0.5625,-165.313,-71.6875,0.285296,-0.188569,0.195408,0,0,0,,,,0,-1,0,,,,80112,3255.5322,10652.9376,0,N 32° 55.5322',32,55.5322,W 106° 52.9376',106,52.9376
-853.25,-68.6875,-27.6875,1.75672,-1.0127,1.32682,0,0,0,,,,0,0,0,,,,80192,3255.5376,10652.932,0,N 32° 55.5376',32,55.5376,W 106° 52.9320',106,52.932
-682.125,-104.25,7.375,1.16023,0.157792,-0.42257,0,0,0,,,,0,-1,0,,,,80252,3255.5406,10652.927,0,N 32° 55.5406',32,55.5406,W 106° 52.9270',106,52.927
-610.438,-70,61.375,1.02785,-0.180264,-0.389839,0,0,0,,,,0,0,0,,,,80310,3255.5418,10652.9229,0,N 32° 55.5418',32,55.5418,W 106° 52.9229',106,52.9229
-569.125,-43.875,-11.6875,0.753786,0.0762091,0.422081,0,0,0,,,,0,0,0,,,,80351,3255.5417,10652.9195,0,N 32° 55.5417',32,55.5417,W 106° 52.9195',106,52.9195
-45.3125,-17.9375,76.125,1.36688,0.0840254,-0.15193,0,0,0,,,,0,0,0,,,,80406,3255.5402,10652.9171,0,N 32° 55.5402',32,55.5402,W 106° 52.9171',106,52.9171
482.688,-4.9375,16.1875,1.05227,0.337079,-0.236444,0,0,0,,,,0,0,0,,,,80456,3255.5388,10652.9172,0,N 32° 55.5388',32,55.5388,W 106° 52.9172',106,52.9172
580.25,26.1875,-21.25,1.00342,-0.0405471,-0.0239375,0,0,0,,,,0,0,0,,,,80584,3255.5403,10652.9227,0,N 32° 55.5403',32,55.5403,W 106° 52.9227',106,52.9227
412.563,5.9375,-31.125,1.07328,0.190523,-0.0234489,0,0,0,,,,0,0,0,,,,80639,3255.5427,10652.9259,0,N 32° 55.5427',32,55.5427,W 106° 52.9259',106,52.9259
142.25,-13.8125,42.25,1.30142,0.0239375,0.279433,0,0,0,,,,0,0,0,,,,80683,3255.5455,10652.9288,0,N 32° 55.5455',32,55.5455,W 106° 52.9288',106,52.9288
-107.625,-23.375,9.0625,1.02296,0.171959,0.400586,0,0,0,,,,0,0,0,,,,80741,3255.5494,10652.9316,0,N 32° 55.5494',32,55.5494,W 106° 52.9316',106,52.9316
-240.063,60.9375,-4.25,0.765511,-0.304836,0.0967269,0,0,0,,,,0,0,0,,,,80792,3255.5544,10652.9337,0,N 32° 55.5544',32,55.5544,W 106° 52.9337',106,52.9337
-432.563,4.625,10.875,1.12604,0.126527,0.0981925,0,0,0,,,,0,0,0,,,,80841,3255.5601,10652.9347,0,N 32° 55.5601',32,55.5601,W 106° 52.9347',106,52.9347
-379.125,8.4375,-12.875,0.889106,-0.335125,0.188569,0,0,0,,,,0,0,0,,,,80903,3255.5659,10652.9354,0,N 32° 55.5659',32,55.5659,W 106° 52.9354',106,52.9354
-301.5,6.1875,-46.5,0.876404,-0.00683928,0.149487,0,0,0,,,,0,0,0,,,,80951,3255.5715,10652.9355,0,N 32° 55.5715',32,55.5715,W 106° 52.9355',106,52.9355
262.375,31,20,1.16121,0.0097704,0.246214,0,0,0,,,,0,0,0,,,,81107,3255.5857,10652.9284,0,N 32° 55.5857',32,55.5857,W 106° 52.9284',106,52.9284
247.063,-59.4375,33.4375,1.30435,-0.31021,0.599902,0,0,0,,,,0,0,0,,,,81165,3255.5889,10652.9246,0,N 32° 55.5889',32,55.5889,W 106° 52.9246',106,52.9246
399.625,-23.25,21.375,1.08549,0.0605765,0.0464094,0,0,0,,,,0,0,0,,,,81215,3255.5908,10652.9207,0,N 32° 55.5908',32,55.5908,W 106° 52.9207',106,52.9207
-253.813,23,-27.1875,1.32926,-0.234978,-0.273571,0,0,0,,,,0,0,0,,,,81379,3255.5867,10652.9158,0,N 32° 55.5867',32,55.5867,W 106° 52.9158',106,52.9158
-385.938,-14.625,-32,0.88129,-0.0117245,0.328774,0,0,0,,,,0,0,0,,,,81429,3255.5846,10652.9181,0,N 32° 55.5846',32,55.5846,W 106° 52.9181',106,52.9181
-341.063,14.0625,-3.6875,0.903273,0.00341964,0.036639,0,0,0,,,,0,0,0,,,,81564,3255.584,10652.9257,0,N 32° 55.5840',32,55.584,W 106° 52.9257',106,52.9257
26.6875,1.25,4.75,1.01466,0.075232,-0.0879336,0,0,0,,,,0,0,0,,,,81666,3255.5867,10652.9336,0,N 32° 55.5867',32,55.5867,W 106° 52.9336',106,52.9336
255.063,10.4375,4.25,0.961895,-0.17831,0.0337079,0,0,0,,,,0,0,0,,,,81713,3255.5889,10652.938,0,N 32° 55.5889',32,55.5889,W 106° 52.9380',106,52.938
293.313,-8.3125,-5.75,1.16219,-0.0512946,-0.186126,0,0,0,,,,0,0,0,,,,81818,3255.5953,10652.9454,0,N 32° 55.5953',32,55.5953,W 106° 52.9454',106,52.9454
183.563,-16.0625,35.1875,1.12213,0.0796287,0.153395,0,0,0,,,,0,0,0,,,,81866,3255.5996,10652.948,0,N 32° 55.5996',32,55.5996,W 106° 52.9480',106,52.948
116,8.8125,-15.75,1.18271,-0.235467,0.0434783,0,0,0,,,,0,0,0,,,,81911,3255.6045,10652.9498,0,N 32° 55.6045',32,55.6045,W 106° 52.9498',106,52.9498
92.6875,11.9375,-14.375,1.06595,-0.0659502,0.0341964,0,0,0,,,,0,0,0,,,,81961,3255.6093,10652.9509,0,N 32° 55.6093',32,55.6093,W 106° 52.9509',106,52.9509
-156.063,-1.4375,15.0625,0.953591,0.0552027,0.148999,0,0,0,,,,0,0,0,,,,82018,3255.6138,10652.9509,0,N 32° 55.6138',32,55.6138,W 106° 52.9509',106,52.9509
-155.125,3.5625,-4.125,0.799707,-0.185149,-0.17831,0,0,0,,,,0,0,0,,,,82060,3255.6179,10652.9499,0,N 32° 55.6179',32,55.6179,W 106° 52.9499',106,52.9499
-287.813,-9.625,-22.5,1.01661,-0.0170982,0.0410357,0,0,0,,,,0,0,0,,,,82125,3255.6216,10652.9482,0,N 32° 55.6216',32,55.6216,W 106° 52.9482',106,52.9482
-243.625,-19.125,-5.0625,1.06742,-0.0405471,-0.263312,0,0,0,,,,0,0,0,,,,82176,3255.6245,10652.9459,0,N 32° 55.6245',32,55.6245,W 106° 52.9459',106,52.9459
-224.25,10.6875,-11.0625,0.961895,-0.0918417,-0.236932,0,0,0,,,,0,0,0,,,,82226,3255.6262,10652.9433,0,N 32° 55.6262',32,55.6262,W 106° 52.9433',106,52.9433
